filename,type,description,referenced,page_slugs
IMG-20260424-WA0005.jpg,photo,Manual subject review required for IMG-20260424-WA0005.jpg.,no,
IMG-20260424-WA0012.jpg,photo,Manual subject review required for IMG-20260424-WA0012.jpg.,no,
IMG-20260424-WA0074.jpg,photo,Manual subject review required for IMG-20260424-WA0074.jpg.,no,
IMG-20260424-WA0084.jpg,photo,Manual subject review required for IMG-20260424-WA0084.jpg.,no,
IMG-20260424-WA0085.jpg,photo,Manual subject review required for IMG-20260424-WA0085.jpg.,no,
IMG-20260424-WA0086.jpg,photo,Manual subject review required for IMG-20260424-WA0086.jpg.,no,
IMG-20260424-WA0087.jpg,photo,Manual subject review required for IMG-20260424-WA0087.jpg.,no,
IMG-20260424-WA0088.jpg,photo,Manual subject review required for IMG-20260424-WA0088.jpg.,no,
IMG-20260424-WA0090.jpg,photo,Manual subject review required for IMG-20260424-WA0090.jpg.,no,
IMG-20260424-WA0092.jpg,photo,Manual subject review required for IMG-20260424-WA0092.jpg.,no,
IMG-20260424-WA0094.jpg,photo,Manual subject review required for IMG-20260424-WA0094.jpg.,no,
IMG-20260424-WA0095.jpg,photo,Manual subject review required for IMG-20260424-WA0095.jpg.,no,
IMG-20260424-WA0096.jpg,photo,Manual subject review required for IMG-20260424-WA0096.jpg.,no,
IMG-20260424-WA0097.jpg,photo,Manual subject review required for IMG-20260424-WA0097.jpg.,no,
IMG-20260424-WA0099.jpg,photo,Manual subject review required for IMG-20260424-WA0099.jpg.,no,
IMG-20260424-WA0100.jpg,photo,Manual subject review required for IMG-20260424-WA0100.jpg.,no,
IMG-20260424-WA0101.jpg,photo,Manual subject review required for IMG-20260424-WA0101.jpg.,no,
IMG-20260424-WA0102.jpg,photo,Manual subject review required for IMG-20260424-WA0102.jpg.,no,
IMG-20260424-WA0103.jpg,photo,Manual subject review required for IMG-20260424-WA0103.jpg.,no,
IMG-20260424-WA0104.jpg,photo,Manual subject review required for IMG-20260424-WA0104.jpg.,no,
IMG-20260424-WA0106.jpg,photo,Manual subject review required for IMG-20260424-WA0106.jpg.,no,
IMG-20260424-WA0107.jpg,photo,Manual subject review required for IMG-20260424-WA0107.jpg.,no,
IMG-20260424-WA0108.jpg,photo,Manual subject review required for IMG-20260424-WA0108.jpg.,no,
IMG-20260424-WA0109.jpg,photo,Manual subject review required for IMG-20260424-WA0109.jpg.,no,
IMG-20260424-WA0111.jpg,photo,Manual subject review required for IMG-20260424-WA0111.jpg.,no,
IMG-20260424-WA0112.jpg,photo,Manual subject review required for IMG-20260424-WA0112.jpg.,no,
IMG-20260424-WA0115.jpg,photo,Manual subject review required for IMG-20260424-WA0115.jpg.,no,
IMG-20260424-WA0117.jpg,photo,Manual subject review required for IMG-20260424-WA0117.jpg.,no,
IMG-20260424-WA0118.jpg,photo,Manual subject review required for IMG-20260424-WA0118.jpg.,no,
IMG-20260424-WA0119.jpg,photo,Manual subject review required for IMG-20260424-WA0119.jpg.,no,
IMG-20260424-WA0122.jpg,photo,Manual subject review required for IMG-20260424-WA0122.jpg.,no,
IMG-20260424-WA0123.jpg,photo,Manual subject review required for IMG-20260424-WA0123.jpg.,no,
IMG-20260424-WA0124.jpg,photo,Manual subject review required for IMG-20260424-WA0124.jpg.,no,
IMG-20260424-WA0134.jpg,photo,Manual subject review required for IMG-20260424-WA0134.jpg.,no,
IMG-20260424-WA0136.jpg,photo,Manual subject review required for IMG-20260424-WA0136.jpg.,no,
IMG-20260424-WA0138.jpg,photo,Manual subject review required for IMG-20260424-WA0138.jpg.,no,
IMG-20260424-WA0141.jpg,photo,Manual subject review required for IMG-20260424-WA0141.jpg.,no,
IMG-20260424-WA0143.jpg,photo,Manual subject review required for IMG-20260424-WA0143.jpg.,no,
IMG-20260424-WA0158.jpg,photo,Manual subject review required for IMG-20260424-WA0158.jpg.,no,
IMG-20260424-WA0162.jpg,photo,Manual subject review required for IMG-20260424-WA0162.jpg.,no,
IMG-20260424-WA0167.jpg,photo,Manual subject review required for IMG-20260424-WA0167.jpg.,no,
IMG-20260424-WA0168.jpg,photo,Manual subject review required for IMG-20260424-WA0168.jpg.,no,
IMG-20260424-WA0171.jpg,photo,Manual subject review required for IMG-20260424-WA0171.jpg.,no,
IMG-20260424-WA0172.jpg,photo,Manual subject review required for IMG-20260424-WA0172.jpg.,no,
IMG-20260424-WA0173.jpg,photo,Manual subject review required for IMG-20260424-WA0173.jpg.,no,
IMG-20260424-WA0175.jpg,photo,Manual subject review required for IMG-20260424-WA0175.jpg.,no,
IMG-20260424-WA0177.jpg,photo,Manual subject review required for IMG-20260424-WA0177.jpg.,no,
IMG-20260424-WA0179.jpg,photo,Manual subject review required for IMG-20260424-WA0179.jpg.,no,
IMG-20260424-WA0180.jpg,photo,Manual subject review required for IMG-20260424-WA0180.jpg.,no,
IMG-20260424-WA0183.jpg,photo,Manual subject review required for IMG-20260424-WA0183.jpg.,no,
IMG-20260424-WA0184.jpg,photo,Manual subject review required for IMG-20260424-WA0184.jpg.,no,
IMG-20260424-WA0188.jpg,photo,Manual subject review required for IMG-20260424-WA0188.jpg.,no,
IMG-20260424-WA0191.jpg,photo,Manual subject review required for IMG-20260424-WA0191.jpg.,no,
IMG-20260424-WA0197.jpg,photo,Manual subject review required for IMG-20260424-WA0197.jpg.,no,
IMG-20260424-WA0201.jpg,photo,Manual subject review required for IMG-20260424-WA0201.jpg.,no,
IMG-20260424-WA0202.jpg,photo,Manual subject review required for IMG-20260424-WA0202.jpg.,no,
IMG-20260424-WA0207.jpg,photo,Manual subject review required for IMG-20260424-WA0207.jpg.,no,
IMG-20260424-WA0209.jpg,photo,Manual subject review required for IMG-20260424-WA0209.jpg.,no,
IMG-20260424-WA0216.jpg,photo,Manual subject review required for IMG-20260424-WA0216.jpg.,no,
IMG-20260424-WA0220.jpg,photo,Manual subject review required for IMG-20260424-WA0220.jpg.,no,
IMG-20260424-WA0222.jpg,photo,Manual subject review required for IMG-20260424-WA0222.jpg.,no,
IMG-20260424-WA0225.jpg,photo,Manual subject review required for IMG-20260424-WA0225.jpg.,no,
IMG-20260424-WA0226.jpg,photo,Manual subject review required for IMG-20260424-WA0226.jpg.,no,
IMG-20260424-WA0230.jpg,photo,Manual subject review required for IMG-20260424-WA0230.jpg.,no,
IMG-20260424-WA0231.jpg,photo,Manual subject review required for IMG-20260424-WA0231.jpg.,no,
IMG-20260424-WA0236.jpg,photo,Manual subject review required for IMG-20260424-WA0236.jpg.,no,
IMG-20260424-WA0238.jpg,photo,Manual subject review required for IMG-20260424-WA0238.jpg.,no,
IMG-20260424-WA0240.jpg,photo,Manual subject review required for IMG-20260424-WA0240.jpg.,no,
IMG-20260424-WA0241.jpg,photo,Manual subject review required for IMG-20260424-WA0241.jpg.,no,
IMG-20260424-WA0242.jpg,photo,Manual subject review required for IMG-20260424-WA0242.jpg.,no,
IMG-20260424-WA0243.jpg,photo,Manual subject review required for IMG-20260424-WA0243.jpg.,no,
IMG-20260424-WA0244.jpg,photo,Manual subject review required for IMG-20260424-WA0244.jpg.,no,
IMG-20260424-WA0245.jpg,photo,Manual subject review required for IMG-20260424-WA0245.jpg.,no,
IMG-20260424-WA0246.jpg,photo,Manual subject review required for IMG-20260424-WA0246.jpg.,no,
IMG-20260424-WA0247.jpg,photo,Manual subject review required for IMG-20260424-WA0247.jpg.,no,
IMG-20260424-WA0248.jpg,photo,Manual subject review required for IMG-20260424-WA0248.jpg.,no,
IMG-20260424-WA0250.jpg,photo,Manual subject review required for IMG-20260424-WA0250.jpg.,no,
IMG-20260424-WA0254.jpg,photo,Manual subject review required for IMG-20260424-WA0254.jpg.,no,
IMG-20260424-WA0260.jpg,photo,Manual subject review required for IMG-20260424-WA0260.jpg.,no,
IMG-20260424-WA0262.jpg,photo,Manual subject review required for IMG-20260424-WA0262.jpg.,no,
IMG-20260424-WA0264.jpg,photo,Manual subject review required for IMG-20260424-WA0264.jpg.,no,
IMG-20260424-WA0266.jpg,photo,Manual subject review required for IMG-20260424-WA0266.jpg.,no,
IMG-20260424-WA0272.jpg,photo,Manual subject review required for IMG-20260424-WA0272.jpg.,no,
IMG-20260424-WA0276.jpg,photo,Manual subject review required for IMG-20260424-WA0276.jpg.,no,
IMG-20260424-WA0278.jpg,photo,Manual subject review required for IMG-20260424-WA0278.jpg.,no,
IMG-20260424-WA0282.jpg,photo,Manual subject review required for IMG-20260424-WA0282.jpg.,no,
IMG-20260424-WA0284.jpg,photo,Manual subject review required for IMG-20260424-WA0284.jpg.,no,
IMG-20260424-WA0286.jpg,photo,Manual subject review required for IMG-20260424-WA0286.jpg.,no,
IMG-20260424-WA0288.jpg,photo,Manual subject review required for IMG-20260424-WA0288.jpg.,no,
IMG-20260424-WA0290.jpg,photo,Manual subject review required for IMG-20260424-WA0290.jpg.,no,
IMG-20260424-WA0291.jpg,photo,Manual subject review required for IMG-20260424-WA0291.jpg.,no,
IMG-20260424-WA0294.jpg,photo,Manual subject review required for IMG-20260424-WA0294.jpg.,no,
IMG-20260424-WA0295.jpg,photo,Manual subject review required for IMG-20260424-WA0295.jpg.,no,
IMG-20260424-WA0296.jpg,photo,Manual subject review required for IMG-20260424-WA0296.jpg.,no,
IMG-20260424-WA0297.jpg,photo,Manual subject review required for IMG-20260424-WA0297.jpg.,no,
IMG-20260424-WA0298.jpg,photo,Manual subject review required for IMG-20260424-WA0298.jpg.,no,
IMG-20260424-WA0300.jpg,photo,Manual subject review required for IMG-20260424-WA0300.jpg.,no,
IMG-20260424-WA0305.jpg,photo,Manual subject review required for IMG-20260424-WA0305.jpg.,no,
IMG-20260424-WA0308.jpg,photo,Manual subject review required for IMG-20260424-WA0308.jpg.,no,
IMG-20260424-WA0313.jpg,photo,Manual subject review required for IMG-20260424-WA0313.jpg.,no,
IMG-20260424-WA0314.jpg,photo,Manual subject review required for IMG-20260424-WA0314.jpg.,no,
IMG-20260424-WA0318.jpg,photo,Manual subject review required for IMG-20260424-WA0318.jpg.,no,
IMG-20260424-WA0319.jpg,photo,Manual subject review required for IMG-20260424-WA0319.jpg.,no,
IMG-20260424-WA0331.jpg,photo,Manual subject review required for IMG-20260424-WA0331.jpg.,no,
IMG-20260424-WA0332.jpg,photo,Manual subject review required for IMG-20260424-WA0332.jpg.,no,
IMG-20260424-WA0334.jpg,photo,Manual subject review required for IMG-20260424-WA0334.jpg.,no,
IMG-20260424-WA0335.jpg,photo,Manual subject review required for IMG-20260424-WA0335.jpg.,no,
IMG-20260424-WA0336.jpg,photo,Manual subject review required for IMG-20260424-WA0336.jpg.,no,
IMG-20260424-WA0338.jpg,photo,Manual subject review required for IMG-20260424-WA0338.jpg.,no,
IMG-20260424-WA0339.jpg,photo,Manual subject review required for IMG-20260424-WA0339.jpg.,no,
IMG-20260424-WA0340.jpg,photo,Manual subject review required for IMG-20260424-WA0340.jpg.,no,
IMG-20260424-WA0342.jpg,photo,Manual subject review required for IMG-20260424-WA0342.jpg.,no,
IMG-20260424-WA0343.jpg,photo,Manual subject review required for IMG-20260424-WA0343.jpg.,no,
IMG-20260424-WA0344.jpg,photo,Manual subject review required for IMG-20260424-WA0344.jpg.,no,
IMG-20260424-WA0346.jpg,photo,Manual subject review required for IMG-20260424-WA0346.jpg.,no,
IMG-20260424-WA0349.jpg,photo,Manual subject review required for IMG-20260424-WA0349.jpg.,no,
IMG-20260424-WA0350.jpg,photo,Manual subject review required for IMG-20260424-WA0350.jpg.,no,
IMG-20260424-WA0351.jpg,photo,Manual subject review required for IMG-20260424-WA0351.jpg.,no,
IMG-20260424-WA0352.jpg,photo,Manual subject review required for IMG-20260424-WA0352.jpg.,no,
IMG-20260424-WA0356.jpg,photo,Manual subject review required for IMG-20260424-WA0356.jpg.,no,
IMG-20260424-WA0363.jpg,photo,Manual subject review required for IMG-20260424-WA0363.jpg.,no,
IMG-20260424-WA0364.jpg,photo,Manual subject review required for IMG-20260424-WA0364.jpg.,no,
IMG-20260424-WA0366.jpg,photo,Manual subject review required for IMG-20260424-WA0366.jpg.,no,
IMG-20260424-WA0393.jpg,photo,Manual subject review required for IMG-20260424-WA0393.jpg.,no,
IMG-20260424-WA0395.jpg,photo,Manual subject review required for IMG-20260424-WA0395.jpg.,no,
IMG-20260424-WA0399.jpg,photo,Manual subject review required for IMG-20260424-WA0399.jpg.,no,
IMG-20260424-WA0409.jpg,photo,Manual subject review required for IMG-20260424-WA0409.jpg.,no,
IMG-20260424-WA0410.jpg,photo,Manual subject review required for IMG-20260424-WA0410.jpg.,no,
IMG-20260424-WA0412.jpg,photo,Manual subject review required for IMG-20260424-WA0412.jpg.,no,
IMG-20260424-WA0414.jpg,photo,Manual subject review required for IMG-20260424-WA0414.jpg.,no,
IMG-20260424-WA0418.jpg,photo,Manual subject review required for IMG-20260424-WA0418.jpg.,no,
IMG-20260424-WA0419.jpg,photo,Manual subject review required for IMG-20260424-WA0419.jpg.,no,
IMG-20260424-WA0421.jpg,photo,Manual subject review required for IMG-20260424-WA0421.jpg.,no,
IMG-20260424-WA0422.jpg,photo,Manual subject review required for IMG-20260424-WA0422.jpg.,no,
IMG-20260424-WA0423.jpg,photo,Manual subject review required for IMG-20260424-WA0423.jpg.,no,
IMG-20260424-WA0424.jpg,photo,Manual subject review required for IMG-20260424-WA0424.jpg.,no,
IMG-20260424-WA0425.jpg,photo,Manual subject review required for IMG-20260424-WA0425.jpg.,no,
IMG-20260424-WA0426.jpg,photo,Manual subject review required for IMG-20260424-WA0426.jpg.,no,
IMG-20260424-WA0427.jpg,photo,Manual subject review required for IMG-20260424-WA0427.jpg.,no,
IMG-20260424-WA0428.jpg,photo,Manual subject review required for IMG-20260424-WA0428.jpg.,no,
IMG-20260424-WA0431.jpg,photo,Manual subject review required for IMG-20260424-WA0431.jpg.,no,
IMG-20260424-WA0435.jpg,photo,Manual subject review required for IMG-20260424-WA0435.jpg.,no,
IMG-20260424-WA0437.jpg,photo,Manual subject review required for IMG-20260424-WA0437.jpg.,no,
IMG-20260424-WA0447.jpg,photo,Manual subject review required for IMG-20260424-WA0447.jpg.,no,
IMG-20260424-WA0455.jpg,photo,Manual subject review required for IMG-20260424-WA0455.jpg.,no,
IMG-20260424-WA0457.jpg,photo,Manual subject review required for IMG-20260424-WA0457.jpg.,no,
IMG-20260424-WA0466.jpg,photo,Manual subject review required for IMG-20260424-WA0466.jpg.,no,
IMG-20260424-WA0468.jpg,photo,Manual subject review required for IMG-20260424-WA0468.jpg.,no,
IMG-20260424-WA0472.jpg,photo,Manual subject review required for IMG-20260424-WA0472.jpg.,no,
IMG-20260424-WA0477.jpg,photo,Manual subject review required for IMG-20260424-WA0477.jpg.,no,
IMG-20260424-WA0481.jpg,photo,Manual subject review required for IMG-20260424-WA0481.jpg.,no,
IMG-20260424-WA0483.jpg,photo,Manual subject review required for IMG-20260424-WA0483.jpg.,no,
IMG-20260426-WA0005.jpg,photo,Manual subject review required for IMG-20260426-WA0005.jpg.,no,
IMG-20260505-WA0006.jpg,photo,Manual subject review required for IMG-20260505-WA0006.jpg.,no,
IMG-20260505-WA0011.jpg,photo,Manual subject review required for IMG-20260505-WA0011.jpg.,no,
IMG-20260526-WA0001.jpg,photo,Manual subject review required for IMG-20260526-WA0001.jpg.,no,
IMG-20260526-WA0003.jpg,photo,Manual subject review required for IMG-20260526-WA0003.jpg.,no,
IMG-20260526-WA0008.jpg,photo,Manual subject review required for IMG-20260526-WA0008.jpg.,no,
IMG-20260527-WA0009.jpg,photo,Manual subject review required for IMG-20260527-WA0009.jpg.,no,
IMG-20260527-WA0013.jpg,photo,Manual subject review required for IMG-20260527-WA0013.jpg.,no,
IMG-20260529-WA0007.jpg,photo,Manual subject review required for IMG-20260529-WA0007.jpg.,no,
IMG-20260529-WA0008.jpg,photo,Manual subject review required for IMG-20260529-WA0008.jpg.,no,
IMG20260115095601.jpg,photo,Manual subject review required for IMG20260115095601.jpg.,no,
IMG20260115095617.jpg,photo,Manual subject review required for IMG20260115095617.jpg.,no,
IMG20260115095621.jpg,photo,Manual subject review required for IMG20260115095621.jpg.,no,
IMG20260115095622.jpg,photo,Manual subject review required for IMG20260115095622.jpg.,no,
IMG_20260614_193713_434.png,photo,Manual subject review required for IMG_20260614_193713_434.png.,no,
VID-20260424-WA0024.mp4,video,Manual subject review required for VID-20260424-WA0024.mp4.,no,
VID-20260424-WA0083.mp4,video,Manual subject review required for VID-20260424-WA0083.mp4.,no,
VID-20260424-WA0194.mp4,video,Manual subject review required for VID-20260424-WA0194.mp4.,no,
VID-20260424-WA0396.mp4,video,Manual subject review required for VID-20260424-WA0396.mp4.,no,
VID-20260424-WA0417.mp4,video,Manual subject review required for VID-20260424-WA0417.mp4.,no,
VID-20260424-WA0452.mp4,video,Manual subject review required for VID-20260424-WA0452.mp4.,no,
VID-20260424-WA0453.mp4,video,Manual subject review required for VID-20260424-WA0453.mp4.,no,
VID-20260424-WA0470.mp4,video,Manual subject review required for VID-20260424-WA0470.mp4.,no,
VID-20260509-WA0001.mp4,video,Manual subject review required for VID-20260509-WA0001.mp4.,no,
VID-20260509-WA0002.mp4,video,Manual subject review required for VID-20260509-WA0002.mp4.,no,
VID-20260509-WA0003.mp4,video,Manual subject review required for VID-20260509-WA0003.mp4.,no,
VID-20260512-WA0000.mp4,video,Manual subject review required for VID-20260512-WA0000.mp4.,no,
VID-20260529-WA0003.mp4,video,Manual subject review required for VID-20260529-WA0003.mp4.,no,
VID-20260529-WA0004.mp4,video,Manual subject review required for VID-20260529-WA0004.mp4.,no,
VID-20260529-WA0005.mp4,video,Manual subject review required for VID-20260529-WA0005.mp4.,no,
VID-20260626-WA0022.mp4,video,Manual subject review required for VID-20260626-WA0022.mp4.,no,
snaptik_7629188957544123656_v3 (1).mp4,video,Manual subject review required for snaptik_7629188957544123656_v3 (1).mp4.,no,
tikcdn_beubagah_com_191793ef_79ff_4ac1_9b43_e1f6fc45ccba.mp4,video,Manual subject review required for tikcdn_beubagah_com_191793ef_79ff_4ac1_9b43_e1f6fc45ccba.mp4.,yes,video
tikcdn_beubagah_com_d0a9ecd8_cd76_4e64_839a_38d5180c2ea6.mp4,video,Manual subject review required for tikcdn_beubagah_com_d0a9ecd8_cd76_4e64_839a_38d5180c2ea6.mp4.,no,
tikcdn_beubagah_com_f286f99e_c691_490e_9f87_8c0275bf9a3c.mp4,video,Manual subject review required for tikcdn_beubagah_com_f286f99e_c691_490e_9f87_8c0275bf9a3c.mp4.,no,
