page_number,slug,title,current_component,flagged,shared_group_size
001,affirmations,Affirmations,,no,1
002,anniversary-countdown-clock,Anniversary Countdown Clock,,yes,212
003,balloon-pop,Balloon Pop,,no,1
004,bento-box,Bento Box,,yes,212
005,bhuntu-comic-strip2,Bhuntu Comic Strip2,,yes,212
006,bhuntu-emoji-arcade,Bhuntu Emoji Arcade,,yes,212
007,bhuntu-emoji-comic,Bhuntu Emoji Comic,,yes,212
008,bhuntu-love-polaroids,Bhuntu Love Polaroids,,no,1
009,bhuntu-nicknames-galaxy,Bhuntu Nicknames Galaxy,,yes,212
010,bhuntu-personality-quiz,Bhuntu Personality Quiz,,yes,212
011,bhuntu-photo-mosaic2,Bhuntu Photo Mosaic2,,yes,212
012,bhuntu-trivia-showdown,Bhuntu Trivia Showdown,,no,1
013,bhuntu-trivia-wheel,Bhuntu Trivia Wheel,,yes,212
014,bhuntu-voice-note-archive,Bhuntu Voice Note Archive,,no,1
015,birthday-sky-letter,Birthday Sky Letter,,yes,212
016,birthday-time-capsule2,Birthday Time Capsule2,,yes,212
017,birthday-wish-letter,Birthday Wish Letter,,yes,212
018,blessing-tree,Blessing Tree,,yes,212
019,bonus-arcade,Bonus Arcade,,yes,212
020,bottle,Bottle,,no,1
021,bouquet,Bouquet,,no,1
022,bouquet-reasons,Bouquet Reasons,,yes,212
023,bubble-pop,Bubble Pop,,no,1
024,bubble-wrap,Bubble Wrap,,yes,212
025,bucket-list,Bucket List,,yes,212
026,candle-blower,Candle Blower,,yes,212
027,catcher-game,Catcher Game,,no,1
028,cherry-blossom-wish-tree,Cherry Blossom Wish Tree,,yes,212
029,cloud-skywriter,Cloud Skywriter,,yes,212
030,compliment-jar,Compliment Jar,,yes,212
031,cooking-game,Cooking Game,,yes,212
032,couple-anniversary-clock,Couple Anniversary Clock,,yes,212
033,couple-anniversary-timeline,Couple Anniversary Timeline,,yes,212
034,couple-bingo,Couple Bingo,,yes,212
035,couple-bucket-list2,Couple Bucket List2,,yes,212
036,couple-bucket-list-globe,Couple Bucket List Globe,,yes,212
037,couple-bucket-list,Couple Bucket List,,yes,212
038,couple-bucket-list-spinner,Couple Bucket List Spinner,,yes,212
039,couple-cookbook,Couple Cookbook,,yes,212
040,couple-daily-horoscope,Couple Daily Horoscope,,yes,212
041,couple-escape-room,Couple Escape Room,,yes,212
042,couple-future-home3-d,Couple Future Home3 D,,yes,212
043,couple-milestone-map2,Couple Milestone Map2,,yes,212
044,couple-milestone-map,Couple Milestone Map,,yes,212
045,couple-movie-marathon,Couple Movie Marathon,,yes,212
046,couple-movie-night,Couple Movie Night,,yes,212
047,couple-nickname-generator,Couple Nickname Generator,,yes,212
048,couple-questions-deep,Couple Questions Deep,,yes,212
049,couple-quiz2,Couple Quiz2,,yes,212
050,couple-quiz-master,Couple Quiz Master,,yes,212
051,couple-recipe-book,Couple Recipe Book,,yes,212
052,couple-relationship-cert,Couple Relationship Cert,,yes,212
053,couple-soundtrack,Couple Soundtrack,,yes,212
054,couple-starry-planetarium,Couple Starry Planetarium,,yes,212
055,couple-superlatives,Couple Superlatives,,yes,212
056,couple-travel-passport-stamps,Couple Travel Passport Stamps,,yes,212
057,couple-yearbook,Couple Yearbook,,yes,212
058,couples-secret-handshake,Couples Secret Handshake,,yes,212
059,coupon-vault,Coupon Vault,,yes,212
060,cupcake-decorator,Cupcake Decorator,,yes,212
061,cupid-archery,Cupid Archery,,yes,212
062,cupid-radio-djstation,Cupid Radio DJStation,,yes,212
063,curated-journey,Curated Journey,,yes,212
064,distance,Distance,,no,1
065,dragon-princess-adventure,Dragon Princess Adventure,,yes,212
066,emoji-art-canvas,Emoji Art Canvas,,yes,212
067,emoji-story,Emoji Story,,no,1
068,enchanted-crystal-ball,Enchanted Crystal Ball,,yes,212
069,enchanted-rose-garden,Enchanted Rose Garden,,yes,212
070,fairy-tale-generator,Fairy Tale Generator,,yes,212
071,ferris-wheel,Ferris Wheel,,yes,212
072,firework-maker,Firework Maker,,yes,212
073,fireworks,Fireworks,,yes,212
074,first-moments-timeline,First Moments Timeline,,no,1
075,fortune-cookie-love,Fortune Cookie Love,,yes,212
076,fortune-cookie,Fortune Cookie,,no,1
077,four-seasons-of-love,Four Seasons Of Love,,yes,212
078,future-house-builder,Future House Builder,,yes,212
079,future-house-builder-second,Future House Builder Second,,yes,212
080,future-night-ride,Future Night Ride,,yes,212
081,gallery,Gallery,,no,1
082,grand-love-galaxy3-d,Grand Love Galaxy3 D,,yes,212
083,grand-love-universe,Grand Love Universe,,yes,212
084,hall-of-fame,Hall Of Fame,,no,1
085,heart-bubble-tea-maker,Heart Bubble Tea Maker,,yes,212
086,heart-mailbox,Heart Mailbox,,yes,212
087,heart-shape-tangram,Heart Shape Tangram,,yes,212
088,heartbeat-drum-pad,Heartbeat Drum Pad,,yes,212
089,home,Home,,yes,212
090,horoscope,Horoscope,,yes,212
091,hug-counter,Hug Counter,,no,1
092,infinite-reasons-machine,Infinite Reasons Machine,,yes,212
093,jigsaw,Jigsaw,,no,1
094,kiss-collector,Kiss Collector,,yes,212
095,lanterns,Lanterns,,yes,212
096,letter,Letter,,no,1
097,letter-tonight,Letter Tonight,,yes,212
098,little-things,Little Things,,yes,212
099,love-achievement-badges,Love Achievement Badges,,yes,212
100,love-advent-calendar,Love Advent Calendar,,yes,212
101,love-alarm,Love Alarm,,yes,212
102,love-anagram-solver,Love Anagram Solver,,yes,212
103,love-aquarium,Love Aquarium,,yes,212
104,love-arcade-dance-machine,Love Arcade Dance Machine,,yes,212
105,love-audio-visualizer2,Love Audio Visualizer2,,yes,212
106,love-audio-visualizer,Love Audio Visualizer,,no,1
107,love-awards-night,Love Awards Night,,yes,212
108,love-butterfly-catcher,Love Butterfly Catcher,,yes,212
109,love-calculator,Love Calculator,,no,1
110,love-candle-light-dinner,Love Candle Light Dinner,,yes,212
111,love-chimes,Love Chimes,,yes,212
112,love-clock,Love Clock,,yes,212
113,love-compass,Love Compass,,yes,212
114,love-compatibility-matrix,Love Compatibility Matrix,,yes,212
115,love-constellation-connect,Love Constellation Connect,,no,1
116,love-constellation-maker,Love Constellation Maker,,yes,212
117,love-constellation-painter,Love Constellation Painter,,yes,212
118,love-constellation-stargazer,Love Constellation Stargazer,,yes,212
119,love-coronation-ceremony,Love Coronation Ceremony,,no,1
120,love-couple-time-capsule-lock-box,Love Couple Time Capsule Lock Box,,yes,212
121,love-coupon-generator,Love Coupon Generator,,no,1
122,love-crossword,Love Crossword,,yes,212
123,love-crossword-puzzle,Love Crossword Puzzle,,yes,212
124,love-dated-calendar,Love Dated Calendar,,yes,212
125,love-diary,Love Diary,,no,1
126,love-dice,Love Dice,,no,1
127,love-doodle-canvas,Love Doodle Canvas,,yes,212
128,love-enchanted-glass-terrarium,Love Enchanted Glass Terrarium,,yes,212
129,love-envelope-collection,Love Envelope Collection,,yes,212
130,love-envelope,Love Envelope,,yes,212
131,love-fireflies,Love Fireflies,,no,1
132,love-firework-painter,Love Firework Painter,,yes,212
133,love-fortune-cookie-jar,Love Fortune Cookie Jar,,yes,212
134,love-fortune-cookie,Love Fortune Cookie,,no,1
135,love-fortune-teller-origami,Love Fortune Teller Origami,,yes,212
136,love-frequency-tuner,Love Frequency Tuner,,yes,212
137,love-graffiti-wall,Love Graffiti Wall,,yes,212
138,love-grand-finale,Love Grand Finale,,no,1
139,love-grand-finale-second,Love Grand Finale Second,,yes,212
140,love-heart-nebula3-d,Love Heart Nebula3 D,,yes,212
141,love-horoscope-daily,Love Horoscope Daily,,yes,212
142,love-horoscope-wheel,Love Horoscope Wheel,,yes,212
143,love-jar-notes,Love Jar Notes,,yes,212
144,love-journal-prompt,Love Journal Prompt,,yes,212
145,love-kaleidoscope,Love Kaleidoscope,,yes,212
146,love-keychain-customizer,Love Keychain Customizer,,yes,212
147,love-language-test,Love Language Test,,yes,212
148,love-languages-quiz,Love Languages Quiz,,yes,212
149,love-letter-archive,Love Letter Archive,,yes,212
150,love-letter-archive-vault,Love Letter Archive Vault,,yes,212
151,love-letter-generator,Love Letter Generator,,yes,212
152,love-letter-in-balloon,Love Letter In Balloon,,yes,212
153,love-letter-pop-up3-d,Love Letter Pop Up3 D,,yes,212
154,love-lock-bridge,Love Lock Bridge,,yes,212
155,love-lottery,Love Lottery,,yes,212
156,love-love-story-comic-strip,Love Love Story Comic Strip,,no,1
157,love-mad-libs,Love Mad Libs,,yes,212
158,love-map-canvas,Love Map Canvas,,yes,212
159,love-maze,Love Maze,,yes,212
160,love-memory-cube3-d,Love Memory Cube3 D,,yes,212
161,love-memory-film-strip,Love Memory Film Strip,,yes,212
162,love-memory-flip,Love Memory Flip,,no,1
163,love-memory-match3-d,Love Memory Match3 D,,yes,212
164,love-memory-match,Love Memory Match,,no,1
165,love-memory-tree3-d,Love Memory Tree3 D,,yes,212
166,love-message-in-abottle-ocean,Love Message In ABottle Ocean,,yes,212
167,love-meteor-shower,Love Meteor Shower,,yes,212
168,love-meter-deluxe,Love Meter Deluxe,,yes,212
169,love-mirror-oracle,Love Mirror Oracle,,yes,212
170,love-music-box-carousel,Love Music Box Carousel,,yes,212
171,love-neon-sign-designer,Love Neon Sign Designer,,no,1
172,love-neon-sign-gallery,Love Neon Sign Gallery,,yes,212
173,love-notes-wall,Love Notes Wall,,yes,212
174,love-origami-heart,Love Origami Heart,,no,1
175,love-passport-stamps,Love Passport Stamps,,yes,212
176,love-pet,Love Pet,,no,1
177,love-photo-booth,Love Photo Booth,,no,1
178,love-photo-mosaic-builder,Love Photo Mosaic Builder,,no,1
179,love-piano,Love Piano,,no,1
180,love-pixel-art-creator,Love Pixel Art Creator,,yes,212
181,love-poetry-fridge,Love Poetry Fridge,,yes,212
182,love-potion-brewery2,Love Potion Brewery2,,yes,212
183,love-potion-brewery,Love Potion Brewery,,yes,212
184,love-potion-lab2,Love Potion Lab2,,yes,212
185,love-potion-laboratory,Love Potion Laboratory,,no,1
186,love-potion,Love Potion,,no,1
187,love-puzzle-slider,Love Puzzle Slider,,no,1
188,love-quiz-advanced,Love Quiz Advanced,,yes,212
189,love-quiz-personality,Love Quiz Personality,,no,1
190,love-radio,Love Radio,,yes,212
191,love-recipe,Love Recipe,,no,1
192,love-review,Love Review,,no,1
193,love-rhythm-drum-pad,Love Rhythm Drum Pad,,no,1
194,love-rhythm-game,Love Rhythm Game,,yes,212
195,love-scrabble,Love Scrabble,,no,1
196,love-scratch-card,Love Scratch Card,,yes,212
197,love-scratch-off-gallery,Love Scratch Off Gallery,,no,1
198,love-scratch-off-gallery-second,Love Scratch Off Gallery Second,,yes,212
199,love-scratch-voucher-book,Love Scratch Voucher Book,,no,1
200,love-slots,Love Slots,,no,1
201,love-spell-caster,Love Spell Caster,,no,1
202,love-spell-caster-studio,Love Spell Caster Studio,,yes,212
203,love-spin-bottle,Love Spin Bottle,,no,1
204,love-spinner3-d,Love Spinner3 D,,yes,212
205,love-stamp-collection,Love Stamp Collection,,yes,212
206,love-sweet-confectionery-bakery,Love Sweet Confectionery Bakery,,no,1
207,love-sweet-heart-paper-craft,Love Sweet Heart Paper Craft,,yes,212
208,love-tamagotchi,Love Tamagotchi,,no,1
209,love-tarot-oracle2,Love Tarot Oracle2,,no,1
210,love-tarot,Love Tarot,,no,1
211,love-tetris-block-puzzle,Love Tetris Block Puzzle,,yes,212
212,love-tetris,Love Tetris,,yes,212
213,love-thermometer,Love Thermometer,,no,1
214,love-time-machine,Love Time Machine,,no,1
215,love-tree-growth,Love Tree Growth,,yes,212
216,love-trivia-quiz,Love Trivia Quiz,,no,1
217,love-vault-combination,Love Vault Combination,,no,1
218,love-vibe,Love Vibe,,no,1
219,love-wheel-fortune,Love Wheel Fortune,,yes,212
220,love-wish-bottle-ocean,Love Wish Bottle Ocean,,no,1
221,love-wish-well,Love Wish Well,,yes,212
222,love-wishes-sky,Love Wishes Sky,,no,1
223,love-wizard-tower,Love Wizard Tower,,no,1
224,love-wordle,Love Wordle,,yes,212
225,magic8-ball-love,Magic8 Ball Love,,no,1
226,magnetic-poetry,Magnetic Poetry,,no,1
227,memory-constellation-map,Memory Constellation Map,,no,1
228,memory-lane,Memory Lane,,yes,212
229,memory-match,Memory Match,,no,1
230,memory-replay,Memory Replay,,yes,212
231,mood-ring,Mood Ring,,yes,212
232,movie-ticket-creator,Movie Ticket Creator,,no,1
233,music-box,Music Box,,no,1
234,mystery-gifts,Mystery Gifts,,no,1
235,nepalgunj-to-osaka-flight-sim,Nepalgunj To Osaka Flight Sim,,yes,212
236,new-year-love-fireworks,New Year Love Fireworks,,no,1
237,origami-boat,Origami Boat,,yes,212
238,origami-crane,Origami Crane,,no,1
239,origami,Origami,,no,1
240,paper-airplane-messenger,Paper Airplane Messenger,,no,1
241,passport,Passport,,yes,212
242,photo-booth,Photo Booth,,no,1
243,photo-puzzle3-d,Photo Puzzle3 D,,yes,212
244,pixel-heart-painter,Pixel Heart Painter,,no,1
245,polaroid-designer,Polaroid Designer,,no,1
246,promise-tree,Promise Tree,,no,1
247,promise-trio,Promise Trio,,yes,212
248,quiz-duel,Quiz Duel,,no,1
249,quiz,Quiz,,yes,212
250,quote-generator,Quote Generator,,yes,212
251,ring-surprise,Ring Surprise,,no,1
252,romance-word-jumble,Romance Word Jumble,,no,1
253,romantic-audio-player,Romantic Audio Player,,no,1
254,romantic-charades,Romantic Charades,,no,1
255,romantic-cooking-recipe,Romantic Cooking Recipe,,no,1
256,romantic-flower-garden,Romantic Flower Garden,,no,1
257,romantic-karaoke,Romantic Karaoke,,yes,212
258,romantic-locket-changer,Romantic Locket Changer,,yes,212
259,romantic-memory-wheel,Romantic Memory Wheel,,yes,212
260,romantic-message-grid,Romantic Message Grid,,yes,212
261,romantic-music-box2,Romantic Music Box2,,yes,212
262,romantic-night-sky-writer,Romantic Night Sky Writer,,no,1
263,romantic-petal-rain,Romantic Petal Rain,,no,1
264,romantic-photo-slider3-d,Romantic Photo Slider3 D,,no,1
265,romantic-playlist-mixer,Romantic Playlist Mixer,,no,1
266,romantic-replacement,Romantic Replacement,,yes,212
267,room10,Room10,,yes,212
268,room11,Room11,,yes,212
269,room12,Room12,,yes,212
270,room1,Room1,,yes,212
271,room2,Room2,,yes,212
272,room3,Room3,,yes,212
273,room4,Room4,,yes,212
274,room5,Room5,,yes,212
275,room6,Room6,,yes,212
276,room7,Room7,,yes,212
277,room8,Room8,,yes,212
278,room9,Room9,,yes,212
279,royal-crown,Royal Crown,,yes,212
280,sanzu-photo-gallery-grid,Sanzu Photo Gallery Grid,,no,1
281,scratch-memory,Scratch Memory,,no,1
282,scratch-surprise,Scratch Surprise,,no,1
283,secret-cipher-wheel,Secret Cipher Wheel,,yes,212
284,secret-language,Secret Language,,yes,212
285,secret-vault,Secret Vault,,yes,212
286,secret-vault-second,Secret Vault Second,,yes,212
287,snow-globe-shaker,Snow Globe Shaker,,no,1
288,sound-wave,Sound Wave,,yes,212
289,spin-wheel,Spin Wheel,,yes,212
290,star-drawer,Star Drawer,,no,1
291,star-namer,Star Namer,,yes,212
292,star-projector,Star Projector,,no,1
293,starry-night-skywriter,Starry Night Skywriter,,no,1
294,stars,Stars,,yes,212
295,story,Story,,yes,212
296,surprise,Surprise,,no,1
297,sweet-compliments-fountain,Sweet Compliments Fountain,,no,1
298,sweet-compliments,Sweet Compliments,,yes,212
299,sweet-dessert-tower,Sweet Dessert Tower,,no,1
300,sweet-dream-catcher,Sweet Dream Catcher,,no,1
301,sweet-garden-blooms,Sweet Garden Blooms,,no,1
302,sweet-heart-balloon-ascent,Sweet Heart Balloon Ascent,,no,1
303,sweet-memory-scrapbook,Sweet Memory Scrapbook,,no,1
304,sweet-promises-jar,Sweet Promises Jar,,yes,212
305,sweet-proposal-simulator,Sweet Proposal Simulator,,yes,212
306,sweet-tea-ceremony,Sweet Tea Ceremony,,yes,212
307,sweet-voicemail-inbox,Sweet Voicemail Inbox,,no,1
308,tic-tac-toe,Tic Tac Toe,,no,1
309,time-capsule,Time Capsule,,no,1
310,timeline-puzzle,Timeline Puzzle,,yes,212
311,treasure-chest,Treasure Chest,,yes,212
312,two-truths,Two Truths,,no,1
313,ultimate300th-love-coronation,Ultimate300th Love Coronation,,no,1
314,valentine-card-creator,Valentine Card Creator,,no,1
315,video,Video,,yes,212
316,virtual-cat-cafe,Virtual Cat Cafe,,yes,212
317,voice-soundboard,Voice Soundboard,,yes,212
318,wax-sealer,Wax Sealer,,yes,212
319,whats-app10k-love,Whats App10k Love,,no,1
320,wish-dandelion,Wish Dandelion,,yes,212
321,wish-wheel,Wish Wheel,,yes,212
322,wishing-well,Wishing Well,,no,1
323,word-search,Word Search,,no,1
