pageNumber,route,component,file,sourceBytes,categories,mechanics,imports,hasGame,hasGift,hasRomance,hasMemory,hasSurprise,fingerprint
"001","/","HomePage","HomePage.jsx","8833","gift|romance|memory|surprise","memory-reveal","","false","true","true","true","true","import react, { usememo, token } from react; import { token, token, gift, heart, token, token } from token; import { token } from token; import { token, token } from ../data/token; const ribbons = [ { label: the name abu kept, copy: you cal"
"002","/curated-journey","CuratedJourneyPage","CuratedJourneyPage.jsx","5473","game|romance|memory|surprise","decorator|memory-reveal","","true","false","true","true","true","import react, { token } from react; import { token, compass, mappin, token, star } from token; import { token } from token; import { token } from ../data/token; const token = [ { number: 01, title: when token became sanzu, note: the first r"
"003","/story","StoryPage","StoryPage.jsx","3815","game|gift|romance|memory|surprise","memory-reveal","","true","true","true","true","true","import react, { token } from react; import { token, token, token, feather } from token; import { token } from token; const lines = [ there was a token token in token that did not know it was opening abu’s whole heart., there was token, wate"
"004","/gallery","GalleryPage","GalleryPage.jsx","213","memory","","../components/GallerySection","false","false","false","true","false","import react from react; import token from ../token/token; export default token token() { return ( <div token=token> <token /> </div> ); }"
"005","/video","VideoPage","VideoPage.jsx","4020","gift|romance|memory|surprise","memory-reveal","","false","true","true","true","true","import react, { token } from react; import { token, camera, token, play, volume2 } from token; import { token } from token; export default token token() { const token = token(); const [caption, token] = token(token, even a short clip of you"
"006","/letter","LetterPage","LetterPage.jsx","209","gift","memory-reveal","../components/LetterSection","false","true","false","false","false","import react from react; import token from ../token/token; export default token token() { return ( <div token=token> <token /> </div> ); }"
"007","/bouquet","BouquetPage","BouquetPage.jsx","215","gift","","../components/BouquetSection","false","true","false","false","false","import react from react; import token from ../token/token; export default token token() { return ( <div token=token> <token /> </div> ); }"
"008","/distance","DistancePage","DistancePage.jsx","247","","","../components/NepalgunjToOsakaFlightSim","false","false","false","false","false","import react from react; import token from ../token/token; export default token token() { return ( <div token=token> <token /> </div> ); }"
"009","/surprise","SurprisePage","SurprisePage.jsx","211","surprise","","../components/FinaleSection","false","false","false","false","true","import react from react; import token from ../token/token; export default token token() { return ( <div token=token> <token /> </div> ); }"
"010","/ring","RingSurprisePage","RingSurprisePage.jsx","19280","game|gift|romance|memory|surprise","choice-reveal|decorator","../components/AudioController","true","true","true","true","true","import react, { token } from react; import { motion, token } from token; import { heart, token } from token; import token from token; import { token } from ../token/token; import { token } from ../store/token; /* ─── token sparkle token — t"
"011","/quiz","QuizPage","QuizPage.jsx","5393","game|gift|romance|memory|surprise","quiz|memory-reveal","","true","true","true","true","true","import react, { token } from react; import { check, heart, lock, token } from token; const token = [ { prompt: who turned abhay into abu with one little token?, options: [a token, token, the token cake, a lucky star], answer: 1 }, { prompt:"
"012","/stars","StarsPage","StarsPage.jsx","3566","gift|romance|surprise","","","false","true","true","false","true","import react from react; import { token, moon, star } from token; import { token } from token; const token = [ [sanzu, the name that made abhay into abu, one little token, and token every “huss” from you felt like home.], [bhuntu, the smile"
"013","/time-capsule","TimeCapsulePage","TimeCapsulePage.jsx","225","gift|memory|surprise","memory-reveal","../components/OpenWhenLetters","false","true","false","true","true","import react from react; import token from ../token/token; export default token token() { return ( <div token=token py-6> <token /> </div> ); }"
"014","/scratch-surprises","ScratchSurprisePage","ScratchSurprisePage.jsx","217","game|surprise","scratch","../components/ScratchCard","true","false","false","false","true","import react from react; import token from ../token/token; export default token token() { return ( <div token=token py-6> <token /> </div> ); }"
"015","/compliment-jar","ComplimentJarPage","ComplimentJarPage.jsx","221","gift","","../components/ComplimentJar","false","true","false","false","false","import react from react; import token from ../token/token; export default token token() { return ( <div token=token py-6> <token /> </div> ); }"
"016","/catcher-game","CatcherGamePage","CatcherGamePage.jsx","228","game|romance","","../components/HeartCatcherGame","true","false","true","false","false","import react from react; import token from ../token/token; export default token token() { return ( <div token=token py-6> <token /> </div> ); }"
"017","/memory-match","MemoryMatchPage","MemoryMatchPage.jsx","225","game|memory","puzzle|memory-reveal","../components/MemoryMatchGame","true","false","false","true","false","import react from react; import token from ../token/token; export default token token() { return ( <div token=token py-6> <token /> </div> ); }"
"018","/quote-generator","QuoteGeneratorPage","QuoteGeneratorPage.jsx","231","","choice-reveal","../components/TypewriterQuotes","false","false","false","false","false","import react from react; import token from ../token/token; export default token token() { return ( <div token=token py-6> <token /> </div> ); }"
"019","/mystery-gifts","MysteryGiftsPage","MysteryGiftsPage.jsx","229","gift|surprise","","../components/MysteryGiftBoxes","false","true","false","false","true","import react from react; import token from ../token/token; export default token token() { return ( <div token=token py-6> <token /> </div> ); }"
"020","/spin-wheel","SpinWheelPage","SpinWheelPage.jsx","205","game","roulette|choice-reveal","../components/SpinWheel","true","false","false","false","false","import react from react; import token from ../token/token; export default token token() { return ( <div token=token py-6> <token /> </div> ); }"
"021","/passport","PassportPage","PassportPage.jsx","219","gift|romance","","../components/CouplePassport","false","true","true","false","false","import react from react; import token from ../token/token; export default token token() { return ( <div token=token py-6> <token /> </div> ); }"
"022","/message-bottle","BottlePage","BottlePage.jsx","220","surprise","","../components/MessageInBottle","false","false","false","false","true","import react from react; import token from ../token/token; export default token token() { return ( <div token=token py-6> <token /> </div> ); }"
"023","/music-box","MusicBoxPage","MusicBoxPage.jsx","213","gift|romance","","../components/LoveMusicBox","false","true","true","false","false","import react from react; import token from ../token/token; export default token token() { return ( <div token=token py-6> <token /> </div> ); }"
"024","/lanterns","LanternsPage","LanternsPage.jsx","255","surprise","","../components/SkyLanterns","false","false","false","false","true","import react from react; import token from ../token/token; export default token token() { return ( <div token=token py-6 token from-[#090d16] to-[#1a1423]> <token /> </div> ); }"
"025","/photo-booth","PhotoBoothPage","PhotoBoothPage.jsx","233","memory","photo-game","../components/PolaroidPhotoBooth","false","false","false","true","false","import react from react; import token from ../token/token; export default token token() { return ( <div token=token py-6> <token /> </div> ); }"
"026","/promise-tree","PromiseTreePage","PromiseTreePage.jsx","226","gift","","../components/SakuraPromiseTree","false","true","false","false","false","import react from react; import token from ../token/token; export default token token() { return ( <div token=token> <token /> </div> ); }"
"027","/treasure-chest","TreasureChestPage","TreasureChestPage.jsx","230","gift","","../components/VIPTreasureChest","false","true","false","false","false","import react from react; import token from ../token/token; export default token token() { return ( <div token=token py-6> <token /> </div> ); }"
"028","/love-slots","LoveSlotsPage","LoveSlotsPage.jsx","205","game|romance","","../components/LoveSlots","true","false","true","false","false","import react from react; import token from ../token/token; export default token token() { return ( <div token=token py-6> <token /> </div> ); }"
"029","/horoscope","HoroscopePage","HoroscopePage.jsx","230","romance","","../components/LoveHoroscope","false","false","true","false","false","import react from react; import token from ../token/token; export default token token() { return ( <div token=token py-6 token> <token /> </div> ); }"
"030","/love-calculator","LoveCalculatorPage","LoveCalculatorPage.jsx","225","romance","","../components/LoveCalculator","false","false","true","false","false","import react from react; import token from ../token/token; export default token token() { return ( <div token=token py-6> <token /> </div> ); }"
"031","/cooking-game","CookingGamePage","CookingGamePage.jsx","222","game|gift","","../components/CakeBakingGame","true","true","false","false","false","import react from react; import token from ../token/token; export default token token() { return ( <div token=token py-6> <token /> </div> ); }"
"032","/love-pet","LovePetPage","LovePetPage.jsx","218","romance","","../components/VirtualLovePet","false","false","true","false","false","import react from react; import token from ../token/token; export default token token() { return ( <div token=token py-6> <token /> </div> ); }"
"033","/ferris-wheel","FerrisWheelPage","FerrisWheelPage.jsx","226","game","choice-reveal","../components/FerrisWheel","true","false","false","false","false","import react from react; import token from ../token/token; export default token token() { return ( <div token=token py-6 token> <token /> </div> ); }"
"034","/two-truths","TwoTruthsPage","TwoTruthsPage.jsx","217","game","","../components/TwoTruthsGame","true","false","false","false","false","import react from react; import token from ../token/token; export default token token() { return ( <div token=token py-6> <token /> </div> ); }"
"035","/word-search","WordSearchPage","WordSearchPage.jsx","221","game|romance","","../components/LoveWordSearch","true","false","true","false","false","import react from react; import token from ../token/token; export default token token() { return ( <div token=token py-6> <token /> </div> ); }"
"036","/wishing-well","WishingWellPage","WishingWellPage.jsx","213","gift|surprise","","../components/WishingWell","false","true","false","false","true","import react from react; import token from ../token/token; export default token token() { return ( <div token=token py-6> <token /> </div> ); }"
"037","/voice-soundboard","VoiceSoundboardPage","VoiceSoundboardPage.jsx","229","","audio-game","../components/VoiceSoundboard","false","false","false","false","false","import react from react; import token from ../token/token; export default token token() { return ( <div token=token py-6> <token /> </div> ); }"
"038","/tic-tac-toe","TicTacToePage","TicTacToePage.jsx","217","game|romance","","../components/LoveTicTacToe","true","false","true","false","false","import react from react; import token from ../token/token; export default token token() { return ( <div token=token py-6> <token /> </div> ); }"
"039","/fireworks","FireworksPage","FireworksPage.jsx","233","romance|surprise","","../components/HeartFireworks","false","false","true","false","true","import react from react; import token from ../token/token; export default token token() { return ( <div token=token py-6 token> <token /> </div> ); }"
"040","/timeline-quiz","TimelinePuzzlePage","TimelinePuzzlePage.jsx","225","game|memory","puzzle|memory-reveal","../components/TimelinePuzzle","true","false","false","true","false","import react from react; import token from ../token/token; export default token token() { return ( <div token=token py-6> <token /> </div> ); }"
"041","/bubble-pop","BubblePopPage","BubblePopPage.jsx","217","game","","../components/BubblePopGame","true","false","false","false","false","import react from react; import token from ../token/token; export default token token() { return ( <div token=token py-6> <token /> </div> ); }"
"042","/bucket-list","BucketListPage","BucketListPage.jsx","222","","","../components/TravelBucketList","false","false","false","false","false","import react from react; import token from ../token/token; export default token token() { return ( <div token=token> <token /> </div> ); }"
"043","/origami","OrigamiPage","OrigamiPage.jsx","212","romance","","../components/OrigamiHeart","false","false","true","false","false","import react from react; import token from ../token/token; export default token token() { return ( <div token=token py-6> <token /> </div> ); }"
"044","/affirmations","AffirmationsPage","AffirmationsPage.jsx","229","gift|romance","","../components/LoveAffirmations","false","true","true","false","false","import react from react; import token from ../token/token; export default token token() { return ( <div token=token py-6> <token /> </div> ); }"
"045","/love-piano","LovePianoPage","LovePianoPage.jsx","205","romance","audio-game","../components/LovePiano","false","false","true","false","false","import react from react; import token from ../token/token; export default token token() { return ( <div token=token py-6> <token /> </div> ); }"
"046","/wax-sealer","WaxSealerPage","WaxSealerPage.jsx","205","","","../components/WaxSealer","false","false","false","false","false","import react from react; import token from ../token/token; export default token token() { return ( <div token=token py-6> <token /> </div> ); }"
"047","/love-maze","LoveMazePage","LoveMazePage.jsx","201","game|romance","puzzle","../components/LoveMaze","true","false","true","false","false","import react from react; import token from ../token/token; export default token token() { return ( <div token=token py-6> <token /> </div> ); }"
"048","/fortune-cookie","FortuneCookiePage","FortuneCookiePage.jsx","221","surprise","choice-reveal","../components/FortuneCookie","false","false","false","false","true","import react from react; import token from ../token/token; export default token token() { return ( <div token=token py-6> <token /> </div> ); }"
"049","/love-potion","LovePotionPage","LovePotionPage.jsx","209","romance","","../components/LovePotion","false","false","true","false","false","import react from react; import token from ../token/token; export default token token() { return ( <div token=token py-6> <token /> </div> ); }"
"050","/emoji-story","EmojiStoryPage","EmojiStoryPage.jsx","209","memory","memory-reveal","../components/EmojiStory","false","false","false","true","false","import react from react; import token from ../token/token; export default token token() { return ( <div token=token py-6> <token /> </div> ); }"
"051","/jigsaw","JigsawPage","JigsawPage.jsx","211","game","puzzle","../components/JigsawPuzzle","true","false","false","false","false","import react from react; import token from ../token/token; export default token token() { return ( <div token=token py-6> <token /> </div> ); }"
"052","/love-dice","LoveDicePage","LoveDicePage.jsx","201","romance","","../components/LoveDice","false","false","true","false","false","import react from react; import token from ../token/token; export default token token() { return ( <div token=token py-6> <token /> </div> ); }"
"053","/balloon-pop","BalloonPopPage","BalloonPopPage.jsx","209","","","../components/BalloonPop","false","false","false","false","false","import react from react; import token from ../token/token; export default token token() { return ( <div token=token py-6> <token /> </div> ); }"
"054","/couple-bingo","CoupleBingoPage","CoupleBingoPage.jsx","213","game|romance","","../components/CoupleBingo","true","false","true","false","false","import react from react; import token from ../token/token; export default token token() { return ( <div token=token py-6> <token /> </div> ); }"
"055","/love-review","LoveReviewPage","LoveReviewPage.jsx","209","romance","","../components/LoveReview","false","false","true","false","false","import react from react; import token from ../token/token; export default token token() { return ( <div token=token py-6> <token /> </div> ); }"
"056","/love-diary","LoveDiaryPage","LoveDiaryPage.jsx","205","romance|memory","","../components/LoveDiary","false","false","true","true","false","import react from react; import token from ../token/token; export default token token() { return ( <div token=token py-6> <token /> </div> ); }"
"057","/love-scrabble","LoveScrabblePage","LoveScrabblePage.jsx","217","romance","","../components/LoveScrabble","false","false","true","false","false","import react from react; import token from ../token/token; export default token token() { return ( <div token=token py-6> <token /> </div> ); }"
"058","/love-lottery","LoveLotteryPage","LoveLotteryPage.jsx","213","romance","","../components/LoveLottery","false","false","true","false","false","import react from react; import token from ../token/token; export default token token() { return ( <div token=token py-6> <token /> </div> ); }"
"059","/love-tamagotchi","LoveTamagotchiPage","LoveTamagotchiPage.jsx","225","romance","","../components/LoveTamagotchi","false","false","true","false","false","import react from react; import token from ../token/token; export default token token() { return ( <div token=token py-6> <token /> </div> ); }"
"060","/secret-vault","SecretVaultPage","SecretVaultPage.jsx","213","surprise","","../components/SecretVault","false","false","false","false","true","import react from react; import token from ../token/token; export default token token() { return ( <div token=token py-6> <token /> </div> ); }"
"061","/love-tarot","LoveTarotPage","LoveTarotPage.jsx","205","romance","choice-reveal","../components/LoveTarot","false","false","true","false","false","import react from react; import token from ../token/token; export default token token() { return ( <div token=token py-6> <token /> </div> ); }"
"062","/memory-lane","MemoryLanePage","MemoryLanePage.jsx","209","memory","memory-reveal","../components/MemoryLane","false","false","false","true","false","import react from react; import token from ../token/token; export default token token() { return ( <div token=token py-6> <token /> </div> ); }"
"063","/hug-counter","HugCounterPage","HugCounterPage.jsx","209","romance","","../components/HugCounter","false","false","true","false","false","import react from react; import token from ../token/token; export default token token() { return ( <div token=token py-6> <token /> </div> ); }"
"064","/love-crossword","LoveCrosswordPage","LoveCrosswordPage.jsx","221","game|romance","puzzle","../components/LoveCrossword","true","false","true","false","false","import react from react; import token from ../token/token; export default token token() { return ( <div token=token py-6> <token /> </div> ); }"
"065","/love-radio","LoveRadioPage","LoveRadioPage.jsx","205","romance","","../components/LoveRadio","false","false","true","false","false","import react from react; import token from ../token/token; export default token token() { return ( <div token=token py-6> <token /> </div> ); }"
"066","/blessing-tree","BlessingTreePage","BlessingTreePage.jsx","217","","","../components/BlessingTree","false","false","false","false","false","import react from react; import token from ../token/token; export default token token() { return ( <div token=token py-6> <token /> </div> ); }"
"067","/love-vibe","LoveVibePage","LoveVibePage.jsx","201","romance","","../components/LoveVibe","false","false","true","false","false","import react from react; import token from ../token/token; export default token token() { return ( <div token=token py-6> <token /> </div> ); }"
"068","/couple-quiz-2","CoupleQuiz2Page","CoupleQuiz2Page.jsx","213","game|romance","quiz","../components/CoupleQuiz2","true","false","true","false","false","import react from react; import token from ../token/token; export default token token() { return ( <div token=token py-6> <token /> </div> ); }"
"069","/love-spinner-3d","LoveSpinner3DPage","LoveSpinner3DPage.jsx","221","game|romance","choice-reveal","../components/LoveSpinner3D","true","false","true","false","false","import react from react; import token from ../token/token; export default token token() { return ( <div token=token py-6> <token /> </div> ); }"
"070","/bento-box","BentoBoxPage","BentoBoxPage.jsx","201","gift","","../components/BentoBox","false","true","false","false","false","import react from react; import token from ../token/token; export default token token() { return ( <div token=token py-6> <token /> </div> ); }"
"071","/love-wheel-fortune","LoveWheelFortunePage","LoveWheelFortunePage.jsx","233","game|romance|surprise","choice-reveal","../components/LoveWheelFortune","true","false","true","false","true","import react from react; import token from ../token/token; export default token token() { return ( <div token=token py-6> <token /> </div> ); }"
"072","/love-coupon-generator","LoveCouponGeneratorPage","LoveCouponGeneratorPage.jsx","245","gift|romance","choice-reveal","../components/LoveCouponGenerator","false","true","true","false","false","import react from react; import token from ../token/token; export default token token() { return ( <div token=token py-6> <token /> </div> ); }"
"073","/star-namer","StarNamerPage","StarNamerPage.jsx","205","surprise","","../components/StarNamer","false","false","false","false","true","import react from react; import token from ../token/token; export default token token() { return ( <div token=token py-6> <token /> </div> ); }"
"074","/love-jar-notes","LoveJarNotesPage","LoveJarNotesPage.jsx","217","gift|romance","","../components/LoveJarNotes","false","true","true","false","false","import react from react; import token from ../token/token; export default token token() { return ( <div token=token py-6> <token /> </div> ); }"
"075","/sweet-compliments","SweetComplimentsPage","SweetComplimentsPage.jsx","233","gift|romance","","../components/SweetCompliments","false","true","true","false","false","import react from react; import token from ../token/token; export default token token() { return ( <div token=token py-6> <token /> </div> ); }"
"076","/kiss-collector","KissCollectorPage","KissCollectorPage.jsx","221","romance","","../components/KissCollector","false","false","true","false","false","import react from react; import token from ../token/token; export default token token() { return ( <div token=token py-6> <token /> </div> ); }"
"077","/love-memory-flip","LoveMemoryFlipPage","LoveMemoryFlipPage.jsx","225","romance|memory","memory-reveal","../components/LoveMemoryFlip","false","false","true","true","false","import react from react; import token from ../token/token; export default token token() { return ( <div token=token py-6> <token /> </div> ); }"
"078","/sound-wave","SoundWavePage","SoundWavePage.jsx","205","","","../components/SoundWave","false","false","false","false","false","import react from react; import token from ../token/token; export default token token() { return ( <div token=token py-6> <token /> </div> ); }"
"079","/love-passport-stamps","LovePassportStampsPage","LovePassportStampsPage.jsx","241","gift|romance","","../components/LovePassportStamps","false","true","true","false","false","import react from react; import token from ../token/token; export default token token() { return ( <div token=token py-6> <token /> </div> ); }"
"080","/mood-ring","MoodRingPage","MoodRingPage.jsx","201","","","../components/MoodRing","false","false","false","false","false","import react from react; import token from ../token/token; export default token token() { return ( <div token=token py-6> <token /> </div> ); }"
"081","/love-tetris","LoveTetrisPage","LoveTetrisPage.jsx","209","game|romance","puzzle","../components/LoveTetris","true","false","true","false","false","import react from react; import token from ../token/token; export default token token() { return ( <div token=token py-6> <token /> </div> ); }"
"082","/cupid-archery","CupidArcheryPage","CupidArcheryPage.jsx","217","","","../components/CupidArchery","false","false","false","false","false","import react from react; import token from ../token/token; export default token token() { return ( <div token=token py-6> <token /> </div> ); }"
"083","/love-alarm","LoveAlarmPage","LoveAlarmPage.jsx","205","romance","","../components/LoveAlarm","false","false","true","false","false","import react from react; import token from ../token/token; export default token token() { return ( <div token=token py-6> <token /> </div> ); }"
"084","/couple-bucket-list-2","CoupleBucketList2Page","CoupleBucketList2Page.jsx","237","romance","","../components/CoupleBucketList2","false","false","true","false","false","import react from react; import token from ../token/token; export default token token() { return ( <div token=token py-6> <token /> </div> ); }"
"085","/love-quiz-advanced","LoveQuizAdvancedPage","LoveQuizAdvancedPage.jsx","233","game|romance","quiz","../components/LoveQuizAdvanced","true","false","true","false","false","import react from react; import token from ../token/token; export default token token() { return ( <div token=token py-6> <token /> </div> ); }"
"086","/love-meter-deluxe","LoveMeterDeluxePage","LoveMeterDeluxePage.jsx","229","romance","","../components/LoveMeterDeluxe","false","false","true","false","false","import react from react; import token from ../token/token; export default token token() { return ( <div token=token py-6> <token /> </div> ); }"
"087","/love-envelope","LoveEnvelopePage","LoveEnvelopePage.jsx","212","gift|romance","","../components/LoveEnvelope","false","true","true","false","false","import react from react; import token from ../token/token; export default token token() { return ( <div token=token> <token /> </div> ); }"
"088","/love-constellation-connect","LoveConstellationConnectPage","LoveConstellationConnectPage.jsx","265","romance|surprise","","../components/LoveConstellationConnect","false","false","true","false","true","import react from react; import token from ../token/token; export default token token() { return ( <div token=token py-6> <token /> </div> ); }"
"089","/love-journal-prompt","LoveJournalPromptPage","LoveJournalPromptPage.jsx","237","romance|memory","","../components/LoveJournalPrompt","false","false","true","true","false","import react from react; import token from ../token/token; export default token token() { return ( <div token=token py-6> <token /> </div> ); }"
"090","/love-chimes","LoveChimesPage","LoveChimesPage.jsx","209","romance","","../components/LoveChimes","false","false","true","false","false","import react from react; import token from ../token/token; export default token token() { return ( <div token=token py-6> <token /> </div> ); }"
"091","/love-puzzle-slider","LovePuzzleSliderPage","LovePuzzleSliderPage.jsx","233","game|romance","puzzle","../components/LovePuzzleSlider","true","false","true","false","false","import react from react; import token from ../token/token; export default token token() { return ( <div token=token py-6> <token /> </div> ); }"
"092","/love-horoscope-daily","LoveHoroscopeDailyPage","LoveHoroscopeDailyPage.jsx","241","romance","","../components/LoveHoroscopeDaily","false","false","true","false","false","import react from react; import token from ../token/token; export default token token() { return ( <div token=token py-6> <token /> </div> ); }"
"093","/love-recipe","LoveRecipePage","LoveRecipePage.jsx","209","romance","","../components/LoveRecipe","false","false","true","false","false","import react from react; import token from ../token/token; export default token token() { return ( <div token=token py-6> <token /> </div> ); }"
"094","/love-fireflies","LoveFirefliesPage","LoveFirefliesPage.jsx","221","romance","","../components/LoveFireflies","false","false","true","false","false","import react from react; import token from ../token/token; export default token token() { return ( <div token=token py-6> <token /> </div> ); }"
"095","/love-tree-growth","LoveTreeGrowthPage","LoveTreeGrowthPage.jsx","225","romance","","../components/LoveTreeGrowth","false","false","true","false","false","import react from react; import token from ../token/token; export default token token() { return ( <div token=token py-6> <token /> </div> ); }"
"096","/love-wishes-sky","LoveWishesSkyPage","LoveWishesSkyPage.jsx","221","gift|romance|surprise","","../components/LoveWishesSky","false","true","true","false","true","import react from react; import token from ../token/token; export default token token() { return ( <div token=token py-6> <token /> </div> ); }"
"097","/love-time-machine","LoveTimeMachinePage","LoveTimeMachinePage.jsx","229","romance","","../components/LoveTimeMachine","false","false","true","false","false","import react from react; import token from ../token/token; export default token token() { return ( <div token=token py-6> <token /> </div> ); }"
"098","/love-memory-match","LoveMemoryMatchPage","LoveMemoryMatchPage.jsx","229","game|romance|memory","puzzle|memory-reveal","../components/LoveMemoryMatch","true","false","true","true","false","import react from react; import token from ../token/token; export default token token() { return ( <div token=token py-6> <token /> </div> ); }"
"099","/love-origami-heart","LoveOrigamiHeartPage","LoveOrigamiHeartPage.jsx","233","romance","","../components/LoveOrigamiHeart","false","false","true","false","false","import react from react; import token from ../token/token; export default token token() { return ( <div token=token py-6> <token /> </div> ); }"
"100","/love-fortune-cookie","LoveFortuneCookiePage","LoveFortuneCookiePage.jsx","237","romance|surprise","choice-reveal","../components/LoveFortuneCookie","false","false","true","false","true","import react from react; import token from ../token/token; export default token token() { return ( <div token=token py-6> <token /> </div> ); }"
"101","/love-scratch-card","LoveScratchCardPage","LoveScratchCardPage.jsx","224","game|romance","scratch","../components/LoveScratchCard","true","false","true","false","false","import react from react; import token from ../token/token; export default token token() { return ( <div token=token> <token /> </div> ); }"
"102","/love-audio-visualizer","LoveAudioVisualizerPage","LoveAudioVisualizerPage.jsx","245","romance","","../components/LoveAudioVisualizer","false","false","true","false","false","import react from react; import token from ../token/token; export default token token() { return ( <div token=token py-6> <token /> </div> ); }"
"103","/love-trivia-quiz","LoveTriviaQuizPage","LoveTriviaQuizPage.jsx","225","game|romance","quiz","../components/LoveTriviaQuiz","true","false","true","false","false","import react from react; import token from ../token/token; export default token token() { return ( <div token=token py-6> <token /> </div> ); }"
"104","/love-photo-booth","LovePhotoBoothPage","LovePhotoBoothPage.jsx","225","romance|memory","photo-game","../components/LovePhotoBooth","false","false","true","true","false","import react from react; import token from ../token/token; export default token token() { return ( <div token=token py-6> <token /> </div> ); }"
"105","/love-wish-well","LoveWishWellPage","LoveWishWellPage.jsx","217","gift|romance|surprise","","../components/LoveWishWell","false","true","true","false","true","import react from react; import token from ../token/token; export default token token() { return ( <div token=token py-6> <token /> </div> ); }"
"106","/love-grand-finale","LoveGrandFinalePage","LoveGrandFinalePage.jsx","224","romance|surprise","","../components/LoveGrandFinale","false","false","true","false","true","import react from react; import token from ../token/token; export default token token() { return ( <div token=token> <token /> </div> ); }"
"107","/love-map-canvas","LoveMapCanvasPage","LoveMapCanvasPage.jsx","191","game|romance","decorator","../components/LoveMapCanvas","true","false","true","false","false","import react from react; import token from ../token/token; export default token token() { return <div token=token><token /></div>; }"
"108","/heartbeat-drum-pad","HeartbeatDrumPadPage","HeartbeatDrumPadPage.jsx","203","game|romance","audio-game","../components/HeartbeatDrumPad","true","false","true","false","false","import react from react; import token from ../token/token; export default token token() { return <div token=token><token /></div>; }"
"109","/paper-airplane-messenger","PaperAirplaneMessengerPage","PaperAirplaneMessengerPage.jsx","227","","","../components/PaperAirplaneMessenger","false","false","false","false","false","import react from react; import token from ../token/token; export default token token() { return <div token=token><token /></div>; }"
"110","/emoji-art-canvas","EmojiArtCanvasPage","EmojiArtCanvasPage.jsx","195","game","decorator","../components/EmojiArtCanvas","true","false","false","false","false","import react from react; import token from ../token/token; export default token token() { return <div token=token><token /></div>; }"
"111","/magic-8-ball-love","Magic8BallLovePage","Magic8BallLovePage.jsx","195","romance|surprise","","../components/Magic8BallLove","false","false","true","false","true","import react from react; import token from ../token/token; export default token token() { return <div token=token><token /></div>; }"
"112","/love-lock-bridge","LoveLockBridgePage","LoveLockBridgePage.jsx","195","romance","","../components/LoveLockBridge","false","false","true","false","false","import react from react; import token from ../token/token; export default token token() { return <div token=token><token /></div>; }"
"113","/secret-cipher-wheel","SecretCipherWheelPage","SecretCipherWheelPage.jsx","207","game|surprise","choice-reveal","../components/SecretCipherWheel","true","false","false","false","true","import react from react; import token from ../token/token; export default token token() { return <div token=token><token /></div>; }"
"114","/cloud-skywriter","CloudSkywriterPage","CloudSkywriterPage.jsx","195","surprise","","../components/CloudSkywriter","false","false","false","false","true","import react from react; import token from ../token/token; export default token token() { return <div token=token><token /></div>; }"
"115","/love-thermometer","LoveThermometerPage","LoveThermometerPage.jsx","199","romance","","../components/LoveThermometer","false","false","true","false","false","import react from react; import token from ../token/token; export default token token() { return <div token=token><token /></div>; }"
"116","/movie-ticket-creator","MovieTicketCreatorPage","MovieTicketCreatorPage.jsx","211","gift","","../components/MovieTicketCreator","false","true","false","false","false","import react from react; import token from ../token/token; export default token token() { return <div token=token><token /></div>; }"
"117","/snow-globe-shaker","SnowGlobeShakerPage","SnowGlobeShakerPage.jsx","199","","","../components/SnowGlobeShaker","false","false","false","false","false","import react from react; import token from ../token/token; export default token token() { return <div token=token><token /></div>; }"
"118","/wish-dandelion","WishDandelionPage","WishDandelionPage.jsx","191","gift|surprise","","../components/WishDandelion","false","true","false","false","true","import react from react; import token from ../token/token; export default token token() { return <div token=token><token /></div>; }"
"119","/pixel-heart-painter","PixelHeartPainterPage","PixelHeartPainterPage.jsx","207","game|romance","decorator","../components/PixelHeartPainter","true","false","true","false","false","import react from react; import token from ../token/token; export default token token() { return <div token=token><token /></div>; }"
"120","/romantic-charades","RomanticCharadesPage","RomanticCharadesPage.jsx","203","romance","","../components/RomanticCharades","false","false","true","false","false","import react from react; import token from ../token/token; export default token token() { return <div token=token><token /></div>; }"
"121","/love-achievement-badges","LoveAchievementBadgesPage","LoveAchievementBadgesPage.jsx","223","romance","","../components/LoveAchievementBadges","false","false","true","false","false","import react from react; import token from ../token/token; export default token token() { return <div token=token><token /></div>; }"
"122","/enchanted-rose-garden","EnchantedRoseGardenPage","EnchantedRoseGardenPage.jsx","215","","","../components/EnchantedRoseGarden","false","false","false","false","false","import react from react; import token from ../token/token; export default token token() { return <div token=token><token /></div>; }"
"123","/love-mad-libs","LoveMadLibsPage","LoveMadLibsPage.jsx","183","romance","","../components/LoveMadLibs","false","false","true","false","false","import react from react; import token from ../token/token; export default token token() { return <div token=token><token /></div>; }"
"124","/love-butterfly-catcher","LoveButterflyCatcherPage","LoveButterflyCatcherPage.jsx","219","game|romance","","../components/LoveButterflyCatcher","true","false","true","false","false","import react from react; import token from ../token/token; export default token token() { return <div token=token><token /></div>; }"
"125","/romantic-karaoke","RomanticKaraokePage","RomanticKaraokePage.jsx","199","game|romance","audio-game","../components/RomanticKaraoke","true","false","true","false","false","import react from react; import token from ../token/token; export default token token() { return <div token=token><token /></div>; }"
"126","/love-mirror-oracle","LoveMirrorOraclePage","LoveMirrorOraclePage.jsx","203","romance|surprise","choice-reveal","../components/LoveMirrorOracle","false","false","true","false","true","import react from react; import token from ../token/token; export default token token() { return <div token=token><token /></div>; }"
"127","/origami-crane","OrigamiCranePage","OrigamiCranePage.jsx","187","","","../components/OrigamiCrane","false","false","false","false","false","import react from react; import token from ../token/token; export default token token() { return <div token=token><token /></div>; }"
"128","/star-drawer","StarDrawerPage","StarDrawerPage.jsx","179","surprise","","../components/StarDrawer","false","false","false","false","true","import react from react; import token from ../token/token; export default token token() { return <div token=token><token /></div>; }"
"129","/wish-wheel","WishWheelPage","WishWheelPage.jsx","175","game|gift|surprise","choice-reveal","../components/WishWheel","true","true","false","false","true","import react from react; import token from ../token/token; export default token token() { return <div token=token><token /></div>; }"
"130","/bubble-wrap","BubbleWrapPage","BubbleWrapPage.jsx","179","","","../components/BubbleWrap","false","false","false","false","false","import react from react; import token from ../token/token; export default token token() { return <div token=token><token /></div>; }"
"131","/scratch-memory","ScratchMemoryPage","ScratchMemoryPage.jsx","191","game|memory","scratch|memory-reveal","../components/ScratchMemory","true","false","false","true","false","import react from react; import token from ../token/token; export default token token() { return <div token=token><token /></div>; }"
"132","/quiz-duel","QuizDuelPage","QuizDuelPage.jsx","171","game","quiz","../components/QuizDuel","true","false","false","false","false","import react from react; import token from ../token/token; export default token token() { return <div token=token><token /></div>; }"
"133","/love-aquarium","LoveAquariumPage","LoveAquariumPage.jsx","187","romance","","../components/LoveAquarium","false","false","true","false","false","import react from react; import token from ../token/token; export default token token() { return <div token=token><token /></div>; }"
"134","/photo-puzzle-3d","PhotoPuzzle3DPage","PhotoPuzzle3DPage.jsx","191","game|memory","photo-game|puzzle","../components/PhotoPuzzle3D","true","false","false","true","false","import react from react; import token from ../token/token; export default token token() { return <div token=token><token /></div>; }"
"135","/coupon-vault","CouponVaultPage","CouponVaultPage.jsx","183","gift|surprise","","../components/CouponVault","false","true","false","false","true","import react from react; import token from ../token/token; export default token token() { return <div token=token><token /></div>; }"
"136","/heart-mailbox","HeartMailboxPage","HeartMailboxPage.jsx","187","gift|romance","","../components/HeartMailbox","false","true","true","false","false","import react from react; import token from ../token/token; export default token token() { return <div token=token><token /></div>; }"
"137","/star-projector","StarProjectorPage","StarProjectorPage.jsx","191","surprise","","../components/StarProjector","false","false","false","false","true","import react from react; import token from ../token/token; export default token token() { return <div token=token><token /></div>; }"
"138","/cupcake-decorator","CupcakeDecoratorPage","CupcakeDecoratorPage.jsx","203","gift","decorator","../components/CupcakeDecorator","false","true","false","false","false","import react from react; import token from ../token/token; export default token token() { return <div token=token><token /></div>; }"
"139","/magnetic-poetry","MagneticPoetryPage","MagneticPoetryPage.jsx","195","","","../components/MagneticPoetry","false","false","false","false","false","import react from react; import token from ../token/token; export default token token() { return <div token=token><token /></div>; }"
"140","/firework-maker","FireworkMakerPage","FireworkMakerPage.jsx","191","surprise","","../components/FireworkMaker","false","false","false","false","true","import react from react; import token from ../token/token; export default token token() { return <div token=token><token /></div>; }"
"141","/love-clock","LoveClockPage","LoveClockPage.jsx","175","romance","","../components/LoveClock","false","false","true","false","false","import react from react; import token from ../token/token; export default token token() { return <div token=token><token /></div>; }"
"142","/polaroid-designer","PolaroidDesignerPage","PolaroidDesignerPage.jsx","203","memory","photo-game","../components/PolaroidDesigner","false","false","false","true","false","import react from react; import token from ../token/token; export default token token() { return <div token=token><token /></div>; }"
"143","/origami-boat","OrigamiBoatPage","OrigamiBoatPage.jsx","183","","","../components/OrigamiBoat","false","false","false","false","false","import react from react; import token from ../token/token; export default token token() { return <div token=token><token /></div>; }"
"144","/candle-blower","CandleBlowerPage","CandleBlowerPage.jsx","187","","","../components/CandleBlower","false","false","false","false","false","import react from react; import token from ../token/token; export default token token() { return <div token=token><token /></div>; }"
"145","/royal-crown","RoyalCrownPage","RoyalCrownPage.jsx","179","gift","","../components/RoyalCrown","false","true","false","false","false","import react from react; import token from ../token/token; export default token token() { return <div token=token><token /></div>; }"
"146","/potion-brewery","LovePotionBreweryPage","LovePotionBreweryPage.jsx","207","romance","","../components/LovePotionBrewery","false","false","true","false","false","import react from react; import token from ../token/token; export default token token() { return <div token=token><token /></div>; }"
"147","/love-compass","LoveCompassPage","LoveCompassPage.jsx","183","romance","","../components/LoveCompass","false","false","true","false","false","import react from react; import token from ../token/token; export default token token() { return <div token=token><token /></div>; }"
"148","/word-jumble","RomanceWordJumblePage","RomanceWordJumblePage.jsx","207","game","puzzle","../components/RomanceWordJumble","true","false","false","false","false","import react from react; import token from ../token/token; export default token token() { return <div token=token><token /></div>; }"
"149","/time-capsule-2","BirthdayTimeCapsule2Page","BirthdayTimeCapsule2Page.jsx","219","memory","memory-reveal","../components/BirthdayTimeCapsule2","false","false","false","true","false","import react from react; import token from ../token/token; export default token token() { return <div token=token><token /></div>; }"
"150","/love-compatibility-matrix","LoveCompatibilityMatrixPage","LoveCompatibilityMatrixPage.jsx","198","romance","","../components/LoveCompatibilityMatrix","false","false","true","false","false","import react from react; import token from ../token/token; export default token token() { return <token />; }"
"151","/future-house-builder","FutureHouseBuilderPage","FutureHouseBuilderPage.jsx","178","","decorator","../components/FutureHouseBuilder","false","false","false","false","false","import react from react; import token from ../token/token; export default token token() { return <token />; }"
"152","/romantic-playlist-mixer","RomanticPlaylistMixerPage","RomanticPlaylistMixerPage.jsx","190","romance","","../components/RomanticPlaylistMixer","false","false","true","false","false","import react from react; import token from ../token/token; export default token token() { return <token />; }"
"153","/sweet-promises-jar","SweetPromisesJarPage","SweetPromisesJarPage.jsx","170","gift|romance","","../components/SweetPromisesJar","false","true","true","false","false","import react from react; import token from ../token/token; export default token token() { return <token />; }"
"154","/love-languages-quiz","LoveLanguagesQuizPage","LoveLanguagesQuizPage.jsx","174","game|romance","quiz","../components/LoveLanguagesQuiz","true","false","true","false","false","import react from react; import token from ../token/token; export default token token() { return <token />; }"
"155","/couple-bucket-list-spinner","CoupleBucketListSpinnerPage","CoupleBucketListSpinnerPage.jsx","198","game|romance","choice-reveal","../components/CoupleBucketListSpinner","true","false","true","false","false","import react from react; import token from ../token/token; export default token token() { return <token />; }"
"156","/love-constellation-painter","LoveConstellationPainterPage","LoveConstellationPainterPage.jsx","202","game|romance|surprise","decorator","../components/LoveConstellationPainter","true","false","true","false","true","import react from react; import token from ../token/token; export default token token() { return <token />; }"
"157","/love-letter-generator","LoveLetterGeneratorPage","LoveLetterGeneratorPage.jsx","182","gift|romance","choice-reveal|memory-reveal","../components/LoveLetterGenerator","false","true","true","false","false","import react from react; import token from ../token/token; export default token token() { return <token />; }"
"158","/anniversary-countdown-clock","AnniversaryCountdownClockPage","AnniversaryCountdownClockPage.jsx","206","romance","","../components/AnniversaryCountdownClock","false","false","true","false","false","import react from react; import token from ../token/token; export default token token() { return <token />; }"
"159","/heart-bubble-tea-maker","HeartBubbleTeaMakerPage","HeartBubbleTeaMakerPage.jsx","182","romance","","../components/HeartBubbleTeaMaker","false","false","true","false","false","import react from react; import token from ../token/token; export default token token() { return <token />; }"
"160","/love-notes-wall","LoveNotesWallPage","LoveNotesWallPage.jsx","158","romance","","../components/LoveNotesWall","false","false","true","false","false","import react from react; import token from ../token/token; export default token token() { return <token />; }"
"161","/virtual-cat-cafe","VirtualCatCafePage","VirtualCatCafePage.jsx","162","","","../components/VirtualCatCafe","false","false","false","false","false","import react from react; import token from ../token/token; export default token token() { return <token />; }"
"162","/romantic-memory-wheel","RomanticMemoryWheelPage","RomanticMemoryWheelPage.jsx","182","game|romance|memory","choice-reveal|memory-reveal","../components/RomanticMemoryWheel","true","false","true","true","false","import react from react; import token from ../token/token; export default token token() { return <token />; }"
"163","/love-quiz-personality","LoveQuizPersonalityPage","LoveQuizPersonalityPage.jsx","182","game|romance","quiz","../components/LoveQuizPersonality","true","false","true","false","false","import react from react; import token from ../token/token; export default token token() { return <token />; }"
"164","/sweet-proposal-simulator","SweetProposalSimulatorPage","SweetProposalSimulatorPage.jsx","194","game|romance","","../components/SweetProposalSimulator","true","false","true","false","false","import react from react; import token from ../token/token; export default token token() { return <token />; }"
"165","/love-frequency-tuner","LoveFrequencyTunerPage","LoveFrequencyTunerPage.jsx","178","romance","","../components/LoveFrequencyTuner","false","false","true","false","false","import react from react; import token from ../token/token; export default token token() { return <token />; }"
"166","/couples-secret-handshake","CouplesSecretHandshakePage","CouplesSecretHandshakePage.jsx","194","romance|surprise","","../components/CouplesSecretHandshake","false","false","true","false","true","import react from react; import token from ../token/token; export default token token() { return <token />; }"
"167","/starry-night-skywriter","StarryNightSkywriterPage","StarryNightSkywriterPage.jsx","186","surprise","","../components/StarryNightSkywriter","false","false","false","false","true","import react from react; import token from ../token/token; export default token token() { return <token />; }"
"168","/romantic-cooking-recipe","RomanticCookingRecipePage","RomanticCookingRecipePage.jsx","190","romance","","../components/RomanticCookingRecipe","false","false","true","false","false","import react from react; import token from ../token/token; export default token token() { return <token />; }"
"169","/love-vault-combination","LoveVaultCombinationPage","LoveVaultCombinationPage.jsx","186","romance|surprise","","../components/LoveVaultCombination","false","false","true","false","true","import react from react; import token from ../token/token; export default token token() { return <token />; }"
"170","/sweet-voicemail-inbox","SweetVoicemailInboxPage","SweetVoicemailInboxPage.jsx","182","gift|romance","","../components/SweetVoicemailInbox","false","true","true","false","false","import react from react; import token from ../token/token; export default token token() { return <token />; }"
"171","/couple-daily-horoscope","CoupleDailyHoroscopePage","CoupleDailyHoroscopePage.jsx","186","romance","","../components/CoupleDailyHoroscope","false","false","true","false","false","import react from react; import token from ../token/token; export default token token() { return <token />; }"
"172","/love-scratch-off-gallery","LoveScratchOffGalleryPage","LoveScratchOffGalleryPage.jsx","190","game|romance|memory","scratch","../components/LoveScratchOffGallery","true","false","true","true","false","import react from react; import token from ../token/token; export default token token() { return <token />; }"
"173","/heart-shape-tangram","HeartShapeTangramPage","HeartShapeTangramPage.jsx","174","game|romance","puzzle","../components/HeartShapeTangram","true","false","true","false","false","import react from react; import token from ../token/token; export default token token() { return <token />; }"
"174","/love-meteor-shower","LoveMeteorShowerPage","LoveMeteorShowerPage.jsx","170","romance","","../components/LoveMeteorShower","false","false","true","false","false","import react from react; import token from ../token/token; export default token token() { return <token />; }"
"175","/sweet-tea-ceremony","SweetTeaCeremonyPage","SweetTeaCeremonyPage.jsx","170","romance","","../components/SweetTeaCeremony","false","false","true","false","false","import react from react; import token from ../token/token; export default token token() { return <token />; }"
"176","/couple-nickname-generator","CoupleNicknameGeneratorPage","CoupleNicknameGeneratorPage.jsx","198","romance","choice-reveal","../components/CoupleNicknameGenerator","false","false","true","false","false","import react from react; import token from ../token/token; export default token token() { return <token />; }"
"177","/love-rhythm-game","LoveRhythmGamePage","LoveRhythmGamePage.jsx","162","game|romance","audio-game","../components/LoveRhythmGame","true","false","true","false","false","import react from react; import token from ../token/token; export default token token() { return <token />; }"
"178","/sweet-dessert-tower","SweetDessertTowerPage","SweetDessertTowerPage.jsx","174","romance","","../components/SweetDessertTower","false","false","true","false","false","import react from react; import token from ../token/token; export default token token() { return <token />; }"
"179","/love-poetry-fridge","LovePoetryFridgePage","LovePoetryFridgePage.jsx","170","romance","","../components/LovePoetryFridge","false","false","true","false","false","import react from react; import token from ../token/token; export default token token() { return <token />; }"
"180","/couple-travel-passport-stamps","CoupleTravelPassportStampsPage","CoupleTravelPassportStampsPage.jsx","210","gift|romance","","../components/CoupleTravelPassportStamps","false","true","true","false","false","import react from react; import token from ../token/token; export default token token() { return <token />; }"
"181","/love-firework-painter","LoveFireworkPainterPage","LoveFireworkPainterPage.jsx","182","game|romance|surprise","decorator","../components/LoveFireworkPainter","true","false","true","false","true","import react from react; import token from ../token/token; export default token token() { return <token />; }"
"182","/sweet-dream-catcher","SweetDreamCatcherPage","SweetDreamCatcherPage.jsx","174","game|romance","","../components/SweetDreamCatcher","true","false","true","false","false","import react from react; import token from ../token/token; export default token token() { return <token />; }"
"183","/couple-questions-deep","CoupleQuestionsDeepPage","CoupleQuestionsDeepPage.jsx","182","romance","","../components/CoupleQuestionsDeep","false","false","true","false","false","import react from react; import token from ../token/token; export default token token() { return <token />; }"
"184","/love-music-box-carousel","LoveMusicBoxCarouselPage","LoveMusicBoxCarouselPage.jsx","186","gift|romance","","../components/LoveMusicBoxCarousel","false","true","true","false","false","import react from react; import token from ../token/token; export default token token() { return <token />; }"
"185","/sweet-compliments-fountain","SweetComplimentsFountainPage","SweetComplimentsFountainPage.jsx","202","gift|romance","","../components/SweetComplimentsFountain","false","true","true","false","false","import react from react; import token from ../token/token; export default token token() { return <token />; }"
"186","/couple-movie-night","CoupleMovieNightPage","CoupleMovieNightPage.jsx","170","romance","","../components/CoupleMovieNight","false","false","true","false","false","import react from react; import token from ../token/token; export default token token() { return <token />; }"
"187","/love-keychain-customizer","LoveKeychainCustomizerPage","LoveKeychainCustomizerPage.jsx","194","romance","decorator","../components/LoveKeychainCustomizer","false","false","true","false","false","import react from react; import token from ../token/token; export default token token() { return <token />; }"
"188","/sweet-garden-blooms","SweetGardenBloomsPage","SweetGardenBloomsPage.jsx","174","romance","","../components/SweetGardenBlooms","false","false","true","false","false","import react from react; import token from ../token/token; export default token token() { return <token />; }"
"189","/couple-anniversary-timeline","CoupleAnniversaryTimelinePage","CoupleAnniversaryTimelinePage.jsx","206","romance|memory","memory-reveal","../components/CoupleAnniversaryTimeline","false","false","true","true","false","import react from react; import token from ../token/token; export default token token() { return <token />; }"
"190","/love-fortune-teller-origami","LoveFortuneTellerOrigamiPage","LoveFortuneTellerOrigamiPage.jsx","202","romance|surprise","choice-reveal","../components/LoveFortuneTellerOrigami","false","false","true","false","true","import react from react; import token from ../token/token; export default token token() { return <token />; }"
"191","/sweet-heart-balloon-ascent","SweetHeartBalloonAscentPage","SweetHeartBalloonAscentPage.jsx","198","romance","","../components/SweetHeartBalloonAscent","false","false","true","false","false","import react from react; import token from ../token/token; export default token token() { return <token />; }"
"192","/couple-starry-planetarium","CoupleStarryPlanetariumPage","CoupleStarryPlanetariumPage.jsx","198","romance|surprise","","../components/CoupleStarryPlanetarium","false","false","true","false","true","import react from react; import token from ../token/token; export default token token() { return <token />; }"
"193","/love-letter-in-balloon","LoveLetterInBalloonPage","LoveLetterInBalloonPage.jsx","182","gift|romance","memory-reveal","../components/LoveLetterInBalloon","false","true","true","false","false","import react from react; import token from ../token/token; export default token token() { return <token />; }"
"194","/sweet-memory-scrapbook","SweetMemoryScrapbookPage","SweetMemoryScrapbookPage.jsx","186","romance|memory","memory-reveal","../components/SweetMemoryScrapbook","false","false","true","true","false","import react from react; import token from ../token/token; export default token token() { return <token />; }"
"195","/love-coronation-ceremony","LoveCoronationCeremonyPage","LoveCoronationCeremonyPage.jsx","252","romance","","../components/LoveCoronationCeremony","false","false","true","false","false","import react from react; import token from ../token/token; export default token token() { return ( <div token=token> <token /> </div> ); }"
"196","/whatsapp-10k-love","WhatsApp10kLovePage","WhatsApp10kLovePage.jsx","169","romance","","../components/WhatsApp10kLove","false","false","true","false","false","import react from react; import token from ../token/token; export default token token() { return <token />; }"
"197","/cupid-radio-dj","CupidRadioDJStationPage","CupidRadioDJStationPage.jsx","185","","","../components/CupidRadioDJStation","false","false","false","false","false","import react from react; import token from ../token/token; export default token token() { return <token />; }"
"198","/constellation-stargazer","LoveConstellationStargazerPage","LoveConstellationStargazerPage.jsx","213","romance|surprise","","../components/LoveConstellationStargazer","false","false","true","false","true","import react from react; import token from ../token/token; export default token token() { return <token />; }"
"199","/heart-nebula-3d","LoveHeartNebula3DPage","LoveHeartNebula3DPage.jsx","177","romance","","../components/LoveHeartNebula3D","false","false","true","false","false","import react from react; import token from ../token/token; export default token token() { return <token />; }"
"200","/sweet-confectionery-bakery","LoveSweetConfectioneryBakeryPage","LoveSweetConfectioneryBakeryPage.jsx","221","romance","","../components/LoveSweetConfectioneryBakery","false","false","true","false","false","import react from react; import token from ../token/token; export default token token() { return <token />; }"
"201","/love-story-comic-strip","LoveLoveStoryComicStripPage","LoveLoveStoryComicStripPage.jsx","256","romance|memory","memory-reveal","../components/LoveLoveStoryComicStrip","false","false","true","true","false","import react from react; import token from ../token/token; export default token token() { return ( <div token=token> <token /> </div> ); }"
"202","/arcade-dance-machine","LoveArcadeDanceMachinePage","LoveArcadeDanceMachinePage.jsx","197","game|romance","","../components/LoveArcadeDanceMachine","true","false","true","false","false","import react from react; import token from ../token/token; export default token token() { return <token />; }"
"203","/enchanted-glass-terrarium","LoveEnchantedGlassTerrariumPage","LoveEnchantedGlassTerrariumPage.jsx","217","romance","","../components/LoveEnchantedGlassTerrarium","false","false","true","false","false","import react from react; import token from ../token/token; export default token token() { return <token />; }"
"204","/bottle-ocean-3d","LoveMessageInABottleOceanPage","LoveMessageInABottleOceanPage.jsx","209","romance|surprise","","../components/LoveMessageInABottleOcean","false","false","true","false","true","import react from react; import token from ../token/token; export default token token() { return <token />; }"
"205","/couple-time-capsule-lockbox","LoveCoupleTimeCapsuleLockBoxPage","LoveCoupleTimeCapsuleLockBoxPage.jsx","221","gift|romance|memory","memory-reveal","../components/LoveCoupleTimeCapsuleLockBox","false","true","true","true","false","import react from react; import token from ../token/token; export default token token() { return <token />; }"
"206","/sweet-heart-paper-craft","LoveSweetHeartPaperCraftPage","LoveSweetHeartPaperCraftPage.jsx","205","romance","","../components/LoveSweetHeartPaperCraft","false","false","true","false","false","import react from react; import token from ../token/token; export default token token() { return <token />; }"
"207","/love-wordle","LoveWordlePage","LoveWordlePage.jsx","154","game|romance","puzzle","../components/LoveWordle","true","false","true","false","false","import react from react; import token from ../token/token; export default token token() { return <token />; }"
"208","/couple-escape-room","CoupleEscapeRoomPage","CoupleEscapeRoomPage.jsx","178","romance","","../components/CoupleEscapeRoom","false","false","true","false","false","import react from react; import token from ../token/token; export default token token() { return <token />; }"
"209","/love-spin-bottle","LoveSpinBottlePage","LoveSpinBottlePage.jsx","170","game|romance|surprise","","../components/LoveSpinBottle","true","false","true","false","true","import react from react; import token from ../token/token; export default token token() { return <token />; }"
"210","/bhuntu-trivia-showdown","BhuntuTriviaShowdownPage","BhuntuTriviaShowdownPage.jsx","244","game|romance","quiz","../components/BhuntuTriviaShowdown","true","false","true","false","false","import react from react; import token from ../token/token; export default token token() { return ( <div token=token> <token /> </div> ); }"
"211","/love-pixel-art","LovePixelArtCreatorPage","LovePixelArtCreatorPage.jsx","190","romance","","../components/LovePixelArtCreator","false","false","true","false","false","import react from react; import token from ../token/token; export default token token() { return <token />; }"
"212","/love-anagram-solver","LoveAnagramSolverPage","LoveAnagramSolverPage.jsx","182","romance","","../components/LoveAnagramSolver","false","false","true","false","false","import react from react; import token from ../token/token; export default token token() { return <token />; }"
"213","/love-photo-mosaic","LovePhotoMosaicBuilderPage","LovePhotoMosaicBuilderPage.jsx","202","romance|memory","photo-game|decorator","../components/LovePhotoMosaicBuilder","false","false","true","true","false","import react from react; import token from ../token/token; export default token token() { return <token />; }"
"214","/first-moments-timeline","FirstMomentsTimelinePage","FirstMomentsTimelinePage.jsx","244","memory","memory-reveal","../components/FirstMomentsTimeline","false","false","false","true","false","import react from react; import token from ../token/token; export default token token() { return ( <div token=token> <token /> </div> ); }"
"215","/memory-constellation","MemoryConstellationMapPage","MemoryConstellationMapPage.jsx","202","memory|surprise","memory-reveal","../components/MemoryConstellationMap","false","false","false","true","true","import react from react; import token from ../token/token; export default token token() { return <token />; }"
"216","/couple-yearbook","CoupleYearbookPage","CoupleYearbookPage.jsx","170","romance|memory","","../components/CoupleYearbook","false","false","true","true","false","import react from react; import token from ../token/token; export default token token() { return <token />; }"
"217","/love-letter-archive","LoveLetterArchivePage","LoveLetterArchivePage.jsx","182","gift|romance|memory","memory-reveal","../components/LoveLetterArchive","false","true","true","true","false","import react from react; import token from ../token/token; export default token token() { return <token />; }"
"218","/couple-soundtrack","CoupleSoundtrackPage","CoupleSoundtrackPage.jsx","178","romance","","../components/CoupleSoundtrack","false","false","true","false","false","import react from react; import token from ../token/token; export default token token() { return <token />; }"
"219","/love-spell-caster","LoveSpellCasterPage","LoveSpellCasterPage.jsx","174","romance","","../components/LoveSpellCaster","false","false","true","false","false","import react from react; import token from ../token/token; export default token token() { return <token />; }"
"220","/love-potion-lab","LovePotionLaboratoryPage","LovePotionLaboratoryPage.jsx","194","romance","","../components/LovePotionLaboratory","false","false","true","false","false","import react from react; import token from ../token/token; export default token token() { return <token />; }"
"221","/fairy-tale-generator","FairyTaleGeneratorPage","FairyTaleGeneratorPage.jsx","186","","choice-reveal","../components/FairyTaleGenerator","false","false","false","false","false","import react from react; import token from ../token/token; export default token token() { return <token />; }"
"222","/enchanted-crystal-ball","EnchantedCrystalBallPage","EnchantedCrystalBallPage.jsx","194","","","../components/EnchantedCrystalBall","false","false","false","false","false","import react from react; import token from ../token/token; export default token token() { return <token />; }"
"223","/dragon-princess-adventure","DragonPrincessAdventurePage","DragonPrincessAdventurePage.jsx","206","","","../components/DragonPrincessAdventure","false","false","false","false","false","import react from react; import token from ../token/token; export default token token() { return <token />; }"
"224","/love-wizard-tower","LoveWizardTowerPage","LoveWizardTowerPage.jsx","174","romance","","../components/LoveWizardTower","false","false","true","false","false","import react from react; import token from ../token/token; export default token token() { return <token />; }"
"225","/love-graffiti-wall","LoveGraffitiWallPage","LoveGraffitiWallPage.jsx","178","romance","","../components/LoveGraffitiWall","false","false","true","false","false","import react from react; import token from ../token/token; export default token token() { return <token />; }"
"226","/love-neon-sign","LoveNeonSignDesignerPage","LoveNeonSignDesignerPage.jsx","194","romance","","../components/LoveNeonSignDesigner","false","false","true","false","false","import react from react; import token from ../token/token; export default token token() { return <token />; }"
"227","/bhuntu-emoji-comic","BhuntuEmojiComicPage","BhuntuEmojiComicPage.jsx","178","romance","","../components/BhuntuEmojiComic","false","false","true","false","false","import react from react; import token from ../token/token; export default token token() { return <token />; }"
"228","/love-kaleidoscope","LoveKaleidoscopePage","LoveKaleidoscopePage.jsx","178","romance","","../components/LoveKaleidoscope","false","false","true","false","false","import react from react; import token from ../token/token; export default token token() { return <token />; }"
"229","/cherry-blossom-wish-tree","CherryBlossomWishTreePage","CherryBlossomWishTreePage.jsx","198","gift|surprise","","../components/CherryBlossomWishTree","false","true","false","false","true","import react from react; import token from ../token/token; export default token token() { return <token />; }"
"230","/love-advent-calendar","LoveAdventCalendarPage","LoveAdventCalendarPage.jsx","186","romance","","../components/LoveAdventCalendar","false","false","true","false","false","import react from react; import token from ../token/token; export default token token() { return <token />; }"
"231","/new-year-fireworks","NewYearLoveFireworksPage","NewYearLoveFireworksPage.jsx","194","romance|surprise","","../components/NewYearLoveFireworks","false","false","true","false","true","import react from react; import token from ../token/token; export default token token() { return <token />; }"
"232","/valentine-card-creator","ValentineCardCreatorPage","ValentineCardCreatorPage.jsx","194","","","../components/ValentineCardCreator","false","false","false","false","false","import react from react; import token from ../token/token; export default token token() { return <token />; }"
"233","/love-dated-calendar","LoveDatedCalendarPage","LoveDatedCalendarPage.jsx","182","romance","","../components/LoveDatedCalendar","false","false","true","false","false","import react from react; import token from ../token/token; export default token token() { return <token />; }"
"234","/fortune-cookie-love","FortuneCookieLovePage","FortuneCookieLovePage.jsx","182","romance|surprise","choice-reveal","../components/FortuneCookieLove","false","false","true","false","true","import react from react; import token from ../token/token; export default token token() { return <token />; }"
"235","/infinite-reasons","InfiniteReasonsMachinePage","InfiniteReasonsMachinePage.jsx","202","","","../components/InfiniteReasonsMachine","false","false","false","false","false","import react from react; import token from ../token/token; export default token token() { return <token />; }"
"236","/love-awards-night","LoveAwardsNightPage","LoveAwardsNightPage.jsx","174","romance","","../components/LoveAwardsNight","false","false","true","false","false","import react from react; import token from ../token/token; export default token token() { return <token />; }"
"237","/four-seasons-of-love","FourSeasonsOfLovePage","FourSeasonsOfLovePage.jsx","182","romance","","../components/FourSeasonsOfLove","false","false","true","false","false","import react from react; import token from ../token/token; export default token token() { return <token />; }"
"238","/couple-cookbook","CoupleCookbookPage","CoupleCookbookPage.jsx","170","romance","","../components/CoupleCookbook","false","false","true","false","false","import react from react; import token from ../token/token; export default token token() { return <token />; }"
"239","/couple-bucket-list","CoupleBucketListPage","CoupleBucketListPage.jsx","178","romance","","../components/CoupleBucketList","false","false","true","false","false","import react from react; import token from ../token/token; export default token token() { return <token />; }"
"240","/grand-love-universe","GrandLoveUniversePage","GrandLoveUniversePage.jsx","182","romance","","../components/GrandLoveUniverse","false","false","true","false","false","import react from react; import token from ../token/token; export default token token() { return <token />; }"
"241","/sanzu-photo-gallery","SanzuPhotoGalleryGridPage","SanzuPhotoGalleryGridPage.jsx","193","romance|memory","","../components/SanzuPhotoGalleryGrid","false","false","true","true","false","import react from react; import token from ../token/token; export default token token() { return <token />; }"
"242","/romantic-audio-player","RomanticAudioPlayerPage","RomanticAudioPlayerPage.jsx","185","romance","","../components/RomanticAudioPlayer","false","false","true","false","false","import react from react; import token from ../token/token; export default token token() { return <token />; }"
"243","/love-memory-tree-3d","LoveMemoryTree3DPage","LoveMemoryTree3DPage.jsx","173","romance|memory","memory-reveal","../components/LoveMemoryTree3D","false","false","true","true","false","import react from react; import token from ../token/token; export default token token() { return <token />; }"
"244","/nepalgunj-osaka-flight","NepalgunjToOsakaFlightSimPage","NepalgunjToOsakaFlightSimPage.jsx","264","","","../components/NepalgunjToOsakaFlightSim","false","false","false","false","false","import react from react; import token from ../token/token; export default token token() { return ( <div token=token> <token /> </div> ); }"
"245","/love-scratch-voucher-book","LoveScratchVoucherBookPage","LoveScratchVoucherBookPage.jsx","197","game|gift|romance","scratch","../components/LoveScratchVoucherBook","true","true","true","false","false","import react from react; import token from ../token/token; export default token token() { return <token />; }"
"246","/bhuntu-voice-note-archive","BhuntuVoiceNoteArchivePage","BhuntuVoiceNoteArchivePage.jsx","252","romance|memory","memory-reveal","../components/BhuntuVoiceNoteArchive","false","false","true","true","false","import react from react; import token from ../token/token; export default token token() { return ( <div token=token> <token /> </div> ); }"
"247","/couple-milestone-map","CoupleMilestoneMapPage","CoupleMilestoneMapPage.jsx","181","romance|memory","","../components/CoupleMilestoneMap","false","false","true","true","false","import react from react; import token from ../token/token; export default token token() { return <token />; }"
"248","/love-horoscope-wheel","LoveHoroscopeWheelPage","LoveHoroscopeWheelPage.jsx","181","game|romance","choice-reveal","../components/LoveHoroscopeWheel","true","false","true","false","false","import react from react; import token from ../token/token; export default token token() { return <token />; }"
"249","/romantic-petal-rain","RomanticPetalRainPage","RomanticPetalRainPage.jsx","177","romance","","../components/RomanticPetalRain","false","false","true","false","false","import react from react; import token from ../token/token; export default token token() { return <token />; }"
"250","/love-letter-popup-3d","LoveLetterPopUp3DPage","LoveLetterPopUp3DPage.jsx","177","gift|romance","memory-reveal","../components/LoveLetterPopUp3D","false","true","true","false","false","import react from react; import token from ../token/token; export default token token() { return <token />; }"
"251","/couple-quiz-master","CoupleQuizMasterPage","CoupleQuizMasterPage.jsx","173","game|romance","quiz","../components/CoupleQuizMaster","true","false","true","false","false","import react from react; import token from ../token/token; export default token token() { return <token />; }"
"252","/love-memory-film-strip","LoveMemoryFilmStripPage","LoveMemoryFilmStripPage.jsx","185","romance|memory","memory-reveal","../components/LoveMemoryFilmStrip","false","false","true","true","false","import react from react; import token from ../token/token; export default token token() { return <token />; }"
"253","/love-candlelight-dinner","LoveCandleLightDinnerPage","LoveCandleLightDinnerPage.jsx","193","romance","","../components/LoveCandleLightDinner","false","false","true","false","false","import react from react; import token from ../token/token; export default token token() { return <token />; }"
"254","/bhuntu-nicknames-galaxy","BhuntuNicknamesGalaxyPage","BhuntuNicknamesGalaxyPage.jsx","193","romance","","../components/BhuntuNicknamesGalaxy","false","false","true","false","false","import react from react; import token from ../token/token; export default token token() { return <token />; }"
"255","/love-fortune-cookie-jar","LoveFortuneCookieJarPage","LoveFortuneCookieJarPage.jsx","189","gift|romance|surprise","choice-reveal","../components/LoveFortuneCookieJar","false","true","true","false","true","import react from react; import token from ../token/token; export default token token() { return <token />; }"
"256","/couple-bucket-list-globe","CoupleBucketListGlobePage","CoupleBucketListGlobePage.jsx","193","romance","","../components/CoupleBucketListGlobe","false","false","true","false","false","import react from react; import token from ../token/token; export default token token() { return <token />; }"
"257","/love-audio-visualizer-2","LoveAudioVisualizer2Page","LoveAudioVisualizer2Page.jsx","189","romance","","../components/LoveAudioVisualizer2","false","false","true","false","false","import react from react; import token from ../token/token; export default token token() { return <token />; }"
"258","/romantic-photo-slider-3d","RomanticPhotoSlider3DPage","RomanticPhotoSlider3DPage.jsx","193","romance|memory","photo-game","../components/RomanticPhotoSlider3D","false","false","true","true","false","import react from react; import token from ../token/token; export default token token() { return <token />; }"
"259","/bhuntu-emoji-arcade","BhuntuEmojiArcadePage","BhuntuEmojiArcadePage.jsx","177","game|romance","","../components/BhuntuEmojiArcade","true","false","true","false","false","import react from react; import token from ../token/token; export default token token() { return <token />; }"
"260","/love-stamp-collection","LoveStampCollectionPage","LoveStampCollectionPage.jsx","185","romance","","../components/LoveStampCollection","false","false","true","false","false","import react from react; import token from ../token/token; export default token token() { return <token />; }"
"261","/romantic-night-skywriter","RomanticNightSkyWriterPage","RomanticNightSkyWriterPage.jsx","197","romance|surprise","","../components/RomanticNightSkyWriter","false","false","true","false","true","import react from react; import token from ../token/token; export default token token() { return <token />; }"
"262","/couple-recipe-book","CoupleRecipeBookPage","CoupleRecipeBookPage.jsx","173","romance","","../components/CoupleRecipeBook","false","false","true","false","false","import react from react; import token from ../token/token; export default token token() { return <token />; }"
"263","/love-constellation-maker","LoveConstellationMakerPage","LoveConstellationMakerPage.jsx","197","romance|surprise","","../components/LoveConstellationMaker","false","false","true","false","true","import react from react; import token from ../token/token; export default token token() { return <token />; }"
"264","/bhuntu-love-polaroids","BhuntuLovePolaroidsPage","BhuntuLovePolaroidsPage.jsx","240","romance|memory","","../components/BhuntuLovePolaroids","false","false","true","true","false","import react from react; import token from ../token/token; export default token token() { return ( <div token=token> <token /> </div> ); }"
"265","/love-tarot-oracle-2","LoveTarotOracle2Page","LoveTarotOracle2Page.jsx","173","romance|surprise","choice-reveal","../components/LoveTarotOracle2","false","false","true","false","true","import react from react; import token from ../token/token; export default token token() { return <token />; }"
"266","/romantic-locket-changer","RomanticLocketChangerPage","RomanticLocketChangerPage.jsx","193","romance","","../components/RomanticLocketChanger","false","false","true","false","false","import react from react; import token from ../token/token; export default token token() { return <token />; }"
"267","/love-crossword-puzzle","LoveCrosswordPuzzlePage","LoveCrosswordPuzzlePage.jsx","185","game|romance","puzzle","../components/LoveCrosswordPuzzle","true","false","true","false","false","import react from react; import token from ../token/token; export default token token() { return <token />; }"
"268","/couple-movie-marathon","CoupleMovieMarathonPage","CoupleMovieMarathonPage.jsx","185","romance","","../components/CoupleMovieMarathon","false","false","true","false","false","import react from react; import token from ../token/token; export default token token() { return <token />; }"
"269","/love-language-test","LoveLanguageTestPage","LoveLanguageTestPage.jsx","173","romance","","../components/LoveLanguageTest","false","false","true","false","false","import react from react; import token from ../token/token; export default token token() { return <token />; }"
"270","/bhuntu-personality-quiz","BhuntuPersonalityQuizPage","BhuntuPersonalityQuizPage.jsx","193","game|romance","quiz","../components/BhuntuPersonalityQuiz","true","false","true","false","false","import react from react; import token from ../token/token; export default token token() { return <token />; }"
"271","/love-potion-brewery-2","LovePotionBrewery2Page","LovePotionBrewery2Page.jsx","181","romance","","../components/LovePotionBrewery2","false","false","true","false","false","import react from react; import token from ../token/token; export default token token() { return <token />; }"
"272","/romantic-message-grid","RomanticMessageGridPage","RomanticMessageGridPage.jsx","185","romance","","../components/RomanticMessageGrid","false","false","true","false","false","import react from react; import token from ../token/token; export default token token() { return <token />; }"
"273","/couple-anniversary-clock","CoupleAnniversaryClockPage","CoupleAnniversaryClockPage.jsx","197","romance","","../components/CoupleAnniversaryClock","false","false","true","false","false","import react from react; import token from ../token/token; export default token token() { return <token />; }"
"274","/love-doodle-canvas","LoveDoodleCanvasPage","LoveDoodleCanvasPage.jsx","173","game|romance","decorator","../components/LoveDoodleCanvas","true","false","true","false","false","import react from react; import token from ../token/token; export default token token() { return <token />; }"
"275","/bhuntu-comic-strip-2","BhuntuComicStrip2Page","BhuntuComicStrip2Page.jsx","177","romance","","../components/BhuntuComicStrip2","false","false","true","false","false","import react from react; import token from ../token/token; export default token token() { return <token />; }"
"276","/love-rhythm-drum-pad","LoveRhythmDrumPadPage","LoveRhythmDrumPadPage.jsx","177","game|romance","audio-game","../components/LoveRhythmDrumPad","true","false","true","false","false","import react from react; import token from ../token/token; export default token token() { return <token />; }"
"277","/romantic-flower-garden","RomanticFlowerGardenPage","RomanticFlowerGardenPage.jsx","189","romance","","../components/RomanticFlowerGarden","false","false","true","false","false","import react from react; import token from ../token/token; export default token token() { return <token />; }"
"278","/love-wish-bottle-ocean","LoveWishBottleOceanPage","LoveWishBottleOceanPage.jsx","185","gift|romance|surprise","","../components/LoveWishBottleOcean","false","true","true","false","true","import react from react; import token from ../token/token; export default token token() { return <token />; }"
"279","/couple-superlatives","CoupleSuperlativesPage","CoupleSuperlativesPage.jsx","181","romance","","../components/CoupleSuperlatives","false","false","true","false","false","import react from react; import token from ../token/token; export default token token() { return <token />; }"
"280","/love-memory-cube-3d","LoveMemoryCube3DPage","LoveMemoryCube3DPage.jsx","173","romance|memory","memory-reveal","../components/LoveMemoryCube3D","false","false","true","true","false","import react from react; import token from ../token/token; export default token token() { return <token />; }"
"281","/bhuntu-trivia-wheel","BhuntuTriviaWheelPage","BhuntuTriviaWheelPage.jsx","177","game|romance","quiz|choice-reveal","../components/BhuntuTriviaWheel","true","false","true","false","false","import react from react; import token from ../token/token; export default token token() { return <token />; }"
"282","/love-envelope-collection","LoveEnvelopeCollectionPage","LoveEnvelopeCollectionPage.jsx","197","gift|romance","","../components/LoveEnvelopeCollection","false","true","true","false","false","import react from react; import token from ../token/token; export default token token() { return <token />; }"
"283","/romantic-music-box-2","RomanticMusicBox2Page","RomanticMusicBox2Page.jsx","177","gift|romance","","../components/RomanticMusicBox2","false","true","true","false","false","import react from react; import token from ../token/token; export default token token() { return <token />; }"
"284","/couple-future-home-3d","CoupleFutureHome3DPage","CoupleFutureHome3DPage.jsx","181","romance","","../components/CoupleFutureHome3D","false","false","true","false","false","import react from react; import token from ../token/token; export default token token() { return <token />; }"
"285","/love-neon-sign-gallery","LoveNeonSignGalleryPage","LoveNeonSignGalleryPage.jsx","185","romance|memory","","../components/LoveNeonSignGallery","false","false","true","true","false","import react from react; import token from ../token/token; export default token token() { return <token />; }"
"286","/bhuntu-photo-mosaic-2","BhuntuPhotoMosaic2Page","BhuntuPhotoMosaic2Page.jsx","181","romance|memory","photo-game","../components/BhuntuPhotoMosaic2","false","false","true","true","false","import react from react; import token from ../token/token; export default token token() { return <token />; }"
"287","/love-tetris-block-puzzle","LoveTetrisBlockPuzzlePage","LoveTetrisBlockPuzzlePage.jsx","193","game|romance","puzzle","../components/LoveTetrisBlockPuzzle","true","false","true","false","false","import react from react; import token from ../token/token; export default token token() { return <token />; }"
"288","/couple-relationship-cert","CoupleRelationshipCertPage","CoupleRelationshipCertPage.jsx","197","romance","","../components/CoupleRelationshipCert","false","false","true","false","false","import react from react; import token from ../token/token; export default token token() { return <token />; }"
"289","/grand-love-galaxy-3d","GrandLoveGalaxy3DPage","GrandLoveGalaxy3DPage.jsx","177","romance","","../components/GrandLoveGalaxy3D","false","false","true","false","false","import react from react; import token from ../token/token; export default token token() { return <token />; }"
"290","/love-memory-match-3d","LoveMemoryMatchPage","LoveMemoryMatchPage.jsx","229","game|romance|memory","puzzle|memory-reveal","../components/LoveMemoryMatch","true","false","true","true","false","import react from react; import token from ../token/token; export default token token() { return ( <div token=token py-6> <token /> </div> ); }"
"291","/love-scratch-off-gallery-2","LoveScratchOffGalleryPage","LoveScratchOffGalleryPage.jsx","190","game|romance|memory","scratch","../components/LoveScratchOffGallery","true","false","true","true","false","import react from react; import token from ../token/token; export default token token() { return <token />; }"
"292","/love-letter-archive-vault","LoveLetterArchivePage","LoveLetterArchivePage.jsx","182","gift|romance|memory","memory-reveal","../components/LoveLetterArchive","false","true","true","true","false","import react from react; import token from ../token/token; export default token token() { return <token />; }"
"293","/love-spell-caster-studio","LoveSpellCasterPage","LoveSpellCasterPage.jsx","174","romance","","../components/LoveSpellCaster","false","false","true","false","false","import react from react; import token from ../token/token; export default token token() { return <token />; }"
"294","/love-potion-lab-2","LovePotionLaboratoryPage","LovePotionLaboratoryPage.jsx","194","romance","","../components/LovePotionLaboratory","false","false","true","false","false","import react from react; import token from ../token/token; export default token token() { return <token />; }"
"295","/couple-milestone-map-2","CoupleAnniversaryTimelinePage","CoupleAnniversaryTimelinePage.jsx","206","romance|memory","memory-reveal","../components/CoupleAnniversaryTimeline","false","false","true","true","false","import react from react; import token from ../token/token; export default token token() { return <token />; }"
"296","/secret-vault-2","SecretVaultPage","SecretVaultPage.jsx","213","surprise","","../components/SecretVault","false","false","false","false","true","import react from react; import token from ../token/token; export default token token() { return ( <div token=token py-6> <token /> </div> ); }"
"297","/love-grand-finale-2","LoveGrandFinalePage","LoveGrandFinalePage.jsx","224","romance|surprise","","../components/LoveGrandFinale","false","false","true","false","true","import react from react; import token from ../token/token; export default token token() { return ( <div token=token> <token /> </div> ); }"
"298","/future-house-builder-2","FutureHouseBuilderPage","FutureHouseBuilderPage.jsx","178","","decorator","../components/FutureHouseBuilder","false","false","false","false","false","import react from react; import token from ../token/token; export default token token() { return <token />; }"
"299","/ultimate-300th-love-coronation","Ultimate300thLoveCoronationPage","Ultimate300thLoveCoronationPage.jsx","217","romance","","../components/Ultimate300thLoveCoronation","false","false","true","false","false","import react from react; import token from ../token/token; export default token token() { return <token />; }"
"300","/hall-of-fame","HallOfFamePage","HallOfFamePage.jsx","209","","","../components/HallOfFame","false","false","false","false","false","import react from react; import token from ../token/token; export default token token() { return ( <div token=token py-6> <token /> </div> ); }"
"301","/bonus-arcade","BonusArcadePage","BonusArcadePage.jsx","3614","game|romance|memory","photo-game|puzzle|audio-game|decorator|memory-reveal","../components/WorldShell","true","false","true","true","false","import react from react; import { motion } from token; import { token, token, token, heart } from token; import { token } from token; import token from ../token/token; const token = [ { name: love token ❌⭕, path: /token, desc: classic token"
"302","/room/1","Room1Page","Room1Page.jsx","214","game|romance","scratch","../components/LoveScratchCard","true","false","true","false","false","import react from react; import token from ../token/token; export default token token() { return ( <div token=token> <token /> </div> ); }"
"303","/room/2","Room2Page","Room2Page.jsx","244","","","../components/NepalgunjToOsakaFlightSim","false","false","false","false","false","import react from react; import token from ../token/token; export default token token() { return ( <div token=token> <token /> </div> ); }"
"304","/room/3","Room3Page","Room3Page.jsx","226","romance|memory","","../components/BhuntuLovePolaroids","false","false","true","true","false","import react from react; import token from ../token/token; export default token token() { return ( <div token=token> <token /> </div> ); }"
"305","/room/4","Room4Page","Room4Page.jsx","229","game|romance","quiz","../components/BhuntuTriviaShowdown","true","false","true","false","false","import react from react; import token from ../token/token; export default token token() { return ( <div token=token> <token /> </div> ); }"
"306","/room/5","Room5Page","Room5Page.jsx","238","romance|memory","memory-reveal","../components/LoveLoveStoryComicStrip","false","false","true","true","false","import react from react; import token from ../token/token; export default token token() { return ( <div token=token> <token /> </div> ); }"
"307","/room/6","Room6Page","Room6Page.jsx","229","memory","memory-reveal","../components/FirstMomentsTimeline","false","false","false","true","false","import react from react; import token from ../token/token; export default token token() { return ( <div token=token> <token /> </div> ); }"
"308","/room/7","Room7Page","Room7Page.jsx","205","gift|romance","","../components/LoveEnvelope","false","true","true","false","false","import react from react; import token from ../token/token; export default token token() { return ( <div token=token> <token /> </div> ); }"
"309","/room/8","Room8Page","Room8Page.jsx","217","","","../components/TravelBucketList","false","false","false","false","false","import react from react; import token from ../token/token; export default token token() { return ( <div token=token> <token /> </div> ); }"
"310","/room/9","Room9Page","Room9Page.jsx","220","gift","","../components/SakuraPromiseTree","false","true","false","false","false","import react from react; import token from ../token/token; export default token token() { return ( <div token=token> <token /> </div> ); }"
"311","/room/10","Room10Page","Room10Page.jsx","236","romance|memory","memory-reveal","../components/BhuntuVoiceNoteArchive","false","false","true","true","false","import react from react; import token from ../token/token; export default token token() { return ( <div token=token> <token /> </div> ); }"
"312","/room/11","Room11Page","Room11Page.jsx","236","romance","","../components/LoveCoronationCeremony","false","false","true","false","false","import react from react; import token from ../token/token; export default token token() { return ( <div token=token> <token /> </div> ); }"
"313","/room/12","Room12Page","Room12Page.jsx","215","romance|surprise","","../components/LoveGrandFinale","false","false","true","false","true","import react from react; import token from ../token/token; export default token token() { return ( <div token=token> <token /> </div> ); }"
