registeredOrder,sequenceOrder,inSequence,route,component,sourceBytes,filesScanned,sharedPrimary,interactionIdea,visual,interactionShape,signals,boringReasons,images,buttons,clicks,randomCalls,stateCalls,rotates
"1","1","true","/","HomePage","8883","1","page-specific JSX","romantic-reveal","grid|flex-layout|rounded-cards|gradient|text-led","several-buttons|local-state|deterministic|motion-or-gesture","romantic-reveal","","0","5","5","0","2","2"
"2","","false","/curated-journey","CuratedJourneyPage","5473","1","page-specific JSX","journey-or-timeline","grid|flex-layout|rounded-cards|solid|text-led","several-buttons|local-state|deterministic|tap-or-click","journey-or-timeline","","0","3","3","0","1","0"
"3","","false","/story","StoryPage","3815","1","page-specific JSX","romantic-reveal","grid|flex-layout|flat-cards|solid|text-led","several-buttons|local-state|deterministic|tap-or-click","","","0","3","3","0","1","0"
"4","2","true","/gallery","GalleryPage","10398","2","GallerySection","letter-or-note","grid|flex-layout|rounded-cards|gradient|photo-led","many-buttons|local-state|deterministic|tap-or-click","letter-or-note|photo-or-memory","","4","5","8","0","4","0"
"5","3","true","/video","VideoPage","4020","1","page-specific JSX","photo-or-memory","grid|flex-layout|rounded-cards|solid|single-media","several-buttons|local-state|deterministic|tap-or-click","photo-or-memory","","1","4","4","0","1","0"
"6","4","true","/letter","LetterPage","7005","2","LetterSection","letter-or-note","no-grid|flex-layout|rounded-cards|gradient|text-led","several-buttons|local-state|deterministic|tap-or-click","letter-or-note|romantic-reveal","","0","2","3","0","1","0"
"7","5","true","/bouquet","BouquetPage","9859","2","BouquetSection","photo-or-memory","grid|flex-layout|rounded-cards|gradient|photo-led","several-buttons|local-state|deterministic|tap-or-click","photo-or-memory|romantic-reveal","","4","2","5","0","2","0"
"8","6","true","/distance","DistancePage","12969","3","NepalgunjToOsakaFlightSim","random-or-generator","no-grid|flex-layout|rounded-cards|gradient|single-media","single-interaction|local-state|random-output|motion-or-gesture","random-or-generator|letter-or-note|photo-or-memory","random/generator output","1","2","2","2","2","1"
"9","7","true","/surprise","SurprisePage","17242","5","FinaleSection","romantic-reveal","no-grid|flex-layout|rounded-cards|gradient|text-led","several-buttons|local-state|deterministic|motion-or-gesture","romantic-reveal","","0","2","5","0","3","1"
"10","","false","/ring","RingSurprisePage","18193","1","page-specific JSX","random-or-generator","grid|flex-layout|rounded-cards|gradient|text-led","several-buttons|local-state|random-output|motion-or-gesture","random-or-generator|romantic-reveal","random/generator output","0","0","3","5","2","8"
"11","8","true","/quiz","QuizPage","2482","1","page-specific JSX","quiz-or-question","grid|flex-layout|rounded-cards|solid|single-media","several-buttons|local-state|deterministic|tap-or-click","quiz-or-question|photo-or-memory","","1","3","3","0","2","0"
"12","9","true","/stars","StarsPage","2716","1","page-specific JSX","photo-or-memory","grid|flex-layout|rounded-cards|solid|single-media","single-interaction|local-state|deterministic|tap-or-click","photo-or-memory","","2","1","1","0","1","0"
"13","10","true","/time-capsule","TimeCapsulePage","6633","2","OpenWhenLetters","letter-or-note","grid|flex-layout|rounded-cards|gradient|text-led","several-buttons|local-state|deterministic|tap-or-click","letter-or-note","","0","2","5","0","1","0"
"14","","false","/scratch-surprises","ScratchSurprisePage","6130","2","ScratchCard","scratch-reveal","grid|flex-layout|rounded-cards|gradient|text-led","no-click|local-state|deterministic|motion-or-gesture","scratch-reveal|draw-or-decorate|romantic-reveal","scratch/foil mechanic|single-action low-media page","0","0","0","0","2","0"
"15","11","true","/compliment-jar","ComplimentJarPage","2737","1","page-specific JSX","letter-or-note","grid|flex-layout|rounded-cards|solid|single-media","single-interaction|local-state|deterministic|tap-or-click","letter-or-note|photo-or-memory|romantic-reveal","","1","2","2","0","1","0"
"16","","false","/catcher-game","CatcherGamePage","10224","3","HeartCatcherGame","arcade-or-catch","no-grid|flex-layout|rounded-cards|gradient|text-led","several-buttons|local-state|random-output|motion-or-gesture","arcade-or-catch|random-or-generator","random/generator output|arcade/catch mechanic","0","3","3","2","4","1"
"17","","false","/memory-match","MemoryMatchPage","10141","3","MemoryMatchGame","flip-or-match","grid|flex-layout|rounded-cards|gradient|text-led","single-interaction|local-state|random-output|motion-or-gesture","flip-or-match|random-or-generator|photo-or-memory|romantic-reveal","flip/match mechanic|random/generator output","0","1","2","1","4","1"
"18","12","true","/quote-generator","QuoteGeneratorPage","3240","2","TypewriterQuotes","random-or-generator","no-grid|flex-layout|flat-cards|gradient|text-led","single-interaction|local-state|deterministic|tap-or-click","random-or-generator","random/generator output|single-action low-media page","0","1","1","0","1","0"
"19","13","true","/mystery-gifts","MysteryGiftsPage","6577","2","MysteryGiftBoxes","romantic-reveal","grid|flex-layout|rounded-cards|gradient|text-led","several-buttons|local-state|deterministic|motion-or-gesture","romantic-reveal","","0","2","5","0","2","1"
"20","","false","/bouquet-reasons","BouquetReasonsPage","2465","1","page-specific JSX","photo-or-memory","grid|simple-layout|rounded-cards|solid|single-media","single-interaction|local-state|deterministic|tap-or-click","photo-or-memory|romantic-reveal","","1","1","1","0","1","0"
"21","14","true","/passport","PassportPage","1964","1","page-specific JSX","journey-or-timeline","grid|simple-layout|rounded-cards|solid|single-media","single-interaction|local-state|deterministic|tap-or-click","journey-or-timeline|photo-or-memory","","1","1","1","0","1","0"
"22","15","true","/message-bottle","BottlePage","10802","3","MessageInBottle","letter-or-note","no-grid|flex-layout|rounded-cards|gradient|text-led","several-buttons|local-state|deterministic|motion-or-gesture","letter-or-note|romantic-reveal","","0","2","5","0","1","2"
"23","16","true","/music-box","MusicBoxPage","12945","3","LoveMusicBox","audio-or-music","grid|flex-layout|rounded-cards|gradient|text-led","single-interaction|local-state|deterministic|motion-or-gesture","audio-or-music","","0","2","2","0","2","6"
"24","17","true","/lanterns","LanternsPage","1557","1","page-specific JSX","romantic-reveal","grid|simple-layout|flat-cards|gradient|text-led","single-interaction|local-state|deterministic|tap-or-click","","single-action low-media page","0","1","1","0","1","0"
"25","18","true","/photo-booth","PhotoBoothPage","11689","3","PolaroidPhotoBooth","random-or-generator","no-grid|flex-layout|rounded-cards|gradient|single-media","several-buttons|local-state|random-output|motion-or-gesture","random-or-generator|photo-or-memory","random/generator output","1","4","4","2","2","2"
"26","19","true","/promise-tree","PromiseTreePage","10486","3","SakuraPromiseTree","romantic-reveal","grid|flex-layout|rounded-cards|gradient|text-led","several-buttons|local-state|deterministic|motion-or-gesture","romantic-reveal","","0","2","5","0","1","1"
"27","20","true","/treasure-chest","TreasureChestPage","1612","1","page-specific JSX","photo-or-memory","grid|simple-layout|flat-cards|solid|single-media","single-interaction|local-state|deterministic|tap-or-click","photo-or-memory","","1","1","1","0","1","0"
"28","","false","/love-slots","LoveSlotsPage","9365","3","LoveSlots","random-or-generator","no-grid|flex-layout|rounded-cards|gradient|text-led","single-interaction|local-state|random-output|motion-or-gesture","random-or-generator|romantic-reveal","random/generator output|single-action low-media page","0","1","1","3","3","1"
"29","21","true","/horoscope","HoroscopePage","1472","1","page-specific JSX","romantic-reveal","grid|simple-layout|flat-cards|solid|text-led","single-interaction|local-state|deterministic|tap-or-click","","single-action low-media page","0","1","1","0","1","0"
"30","22","true","/love-calculator","LoveCalculatorPage","7698","2","LoveCalculator","romantic-reveal","grid|flex-layout|rounded-cards|gradient|text-led","several-buttons|local-state|deterministic|tap-or-click","romantic-reveal","","0","2","4","0","4","0"
"31","23","true","/cooking-game","CookingGamePage","1893","1","page-specific JSX","romantic-reveal","grid|simple-layout|flat-cards|solid|text-led","single-interaction|local-state|deterministic|tap-or-click","","single-action low-media page","0","1","1","0","1","0"
"32","24","true","/love-pet","LovePetPage","8750","3","VirtualLovePet","romantic-reveal","no-grid|flex-layout|rounded-cards|solid|text-led","several-buttons|local-state|deterministic|motion-or-gesture","romantic-reveal","","0","2","3","0","2","1"
"33","","false","/future-night-ride","FutureNightRidePage","2565","1","page-specific JSX","photo-or-memory","grid|flex-layout|rounded-cards|gradient|single-media","single-interaction|local-state|deterministic|tap-or-click","photo-or-memory","","1","1","1","0","1","0"
"34","","false","/two-truths","TwoTruthsPage","16894","3","TwoTruthsGame","romantic-reveal","no-grid|flex-layout|rounded-cards|gradient|text-led","several-buttons|local-state|deterministic|motion-or-gesture","romantic-reveal","","0","2","3","0","4","1"
"35","","false","/word-search","WordSearchPage","17738","3","LoveWordSearch","puzzle","grid|flex-layout|rounded-cards|gradient|text-led","several-buttons|local-state|random-output|motion-or-gesture","puzzle|random-or-generator","random/generator output","0","4","4","4","5","1"
"36","25","true","/wishing-well","WishingWellPage","17055","3","WishingWell","builder-or-studio","no-grid|flex-layout|rounded-cards|gradient|text-led","several-buttons|local-state|deterministic|motion-or-gesture","builder-or-studio|romantic-reveal","","0","3","4","0","6","2"
"37","26","true","/voice-soundboard","VoiceSoundboardPage","1598","1","page-specific JSX","audio-or-music","grid|simple-layout|flat-cards|solid|text-led","single-interaction|local-state|deterministic|tap-or-click","audio-or-music|letter-or-note","single-action low-media page","0","1","1","0","1","0"
"38","","false","/tic-tac-toe","TicTacToePage","15977","3","LoveTicTacToe","arcade-or-catch","grid|flex-layout|rounded-cards|gradient|photo-led","several-buttons|local-state|random-output|motion-or-gesture","arcade-or-catch|random-or-generator|photo-or-memory","random/generator output|arcade/catch mechanic","4","3","4","1","4","3"
"39","27","true","/fireworks","FireworksPage","1526","1","page-specific JSX","letter-or-note","grid|simple-layout|flat-cards|solid|text-led","single-interaction|local-state|deterministic|tap-or-click","letter-or-note|romantic-reveal","single-action low-media page","0","1","1","0","1","0"
"40","","false","/timeline-quiz","TimelinePuzzlePage","1727","1","page-specific JSX","quiz-or-question","no-grid|flex-layout|flat-cards|solid|text-led","single-interaction|local-state|deterministic|tap-or-click","quiz-or-question|puzzle|journey-or-timeline","single-action low-media page","0","1","1","0","1","0"
"41","","false","/bubble-pop","BubblePopPage","14223","3","BubblePopGame","arcade-or-catch","grid|flex-layout|rounded-cards|gradient|text-led","several-buttons|local-state|deterministic|motion-or-gesture","arcade-or-catch|letter-or-note|romantic-reveal","arcade/catch mechanic","0","2","3","0","2","1"
"42","28","true","/bucket-list","BucketListPage","20676","3","TravelBucketList","romantic-reveal","grid|flex-layout|rounded-cards|gradient|text-led","many-buttons|local-state|deterministic|motion-or-gesture","","","0","7","8","0","6","3"
"43","29","true","/origami","OrigamiPage","14064","3","OrigamiHeart","romantic-reveal","no-grid|flex-layout|rounded-cards|gradient|text-led","several-buttons|local-state|deterministic|motion-or-gesture","","","0","2","3","0","2","14"
"44","30","true","/affirmations","AffirmationsPage","15168","3","LoveAffirmations","flip-or-match","no-grid|flex-layout|rounded-cards|gradient|text-led","several-buttons|local-state|deterministic|motion-or-gesture","flip-or-match","flip/match mechanic","0","2","3","0","3","5"
"45","31","true","/love-piano","LovePianoPage","8482","2","LovePiano","audio-or-music","no-grid|flex-layout|rounded-cards|gradient|text-led","several-buttons|local-state|random-output|motion-or-gesture","audio-or-music|random-or-generator|letter-or-note|romantic-reveal","random/generator output","0","2","3","2","5","2"
"46","32","true","/wax-sealer","WaxSealerPage","15824","3","WaxSealer","builder-or-studio","no-grid|flex-layout|rounded-cards|gradient|text-led","several-buttons|local-state|deterministic|motion-or-gesture","builder-or-studio","","0","3","4","0","7","2"
"47","33","true","/love-maze","LoveMazePage","2188","1","page-specific JSX","puzzle","grid|simple-layout|rounded-cards|solid|text-led","single-interaction|local-state|deterministic|tap-or-click","puzzle|romantic-reveal","","0","2","2","0","1","0"
"48","34","true","/fortune-cookie","FortuneCookiePage","6065","2","FortuneCookie","random-or-generator","no-grid|flex-layout|rounded-cards|gradient|text-led","single-interaction|local-state|random-output|motion-or-gesture","random-or-generator","random/generator output","0","1","2","1","3","3"
"49","35","true","/love-potion","LovePotionPage","9178","2","LovePotion","random-or-generator","grid|flex-layout|rounded-cards|gradient|text-led","several-buttons|local-state|random-output|motion-or-gesture","random-or-generator|romantic-reveal","random/generator output","0","3","3","1","3","3"
"50","36","true","/emoji-story","EmojiStoryPage","9921","3","EmojiStory","romantic-reveal","no-grid|flex-layout|rounded-cards|solid|text-led","single-interaction|local-state|deterministic|motion-or-gesture","","","0","2","2","0","3","1"
"51","","false","/jigsaw","JigsawPage","15180","3","JigsawPuzzle","puzzle","grid|flex-layout|rounded-cards|gradient|single-media","several-buttons|local-state|random-output|motion-or-gesture","puzzle|random-or-generator|photo-or-memory|romantic-reveal","random/generator output","1","4","5","3","5","1"
"52","37","true","/love-dice","LoveDicePage","10437","2","LoveDice","random-or-generator","no-grid|flex-layout|rounded-cards|gradient|text-led","several-buttons|local-state|random-output|motion-or-gesture","random-or-generator|romantic-reveal","random/generator output","0","2","3","4","6","4"
"53","38","true","/balloon-pop","BalloonPopPage","9828","3","BalloonPop","arcade-or-catch","no-grid|flex-layout|rounded-cards|solid|text-led","single-interaction|local-state|deterministic|motion-or-gesture","arcade-or-catch","arcade/catch mechanic","0","0","2","0","2","2"
"54","39","true","/couple-bingo","CoupleBingoPage","1637","1","page-specific JSX","romantic-reveal","grid|simple-layout|flat-cards|solid|text-led","single-interaction|local-state|deterministic|tap-or-click","","single-action low-media page","0","1","1","0","1","0"
"55","40","true","/love-review","LoveReviewPage","11711","3","LoveReview","romantic-reveal","no-grid|flex-layout|rounded-cards|gradient|text-led","single-interaction|local-state|deterministic|motion-or-gesture","romantic-reveal","","0","2","2","0","2","1"
"56","41","true","/love-diary","LoveDiaryPage","10261","3","LoveDiary","romantic-reveal","no-grid|flex-layout|rounded-cards|gradient|text-led","single-interaction|local-state|deterministic|motion-or-gesture","romantic-reveal","","0","2","2","0","1","4"
"57","42","true","/love-scrabble","LoveScrabblePage","17492","3","LoveScrabble","puzzle","grid|flex-layout|rounded-cards|gradient|text-led","several-buttons|local-state|random-output|motion-or-gesture","puzzle|random-or-generator|letter-or-note|romantic-reveal","random/generator output","0","5","5","3","7","2"
"58","43","true","/love-lottery","LoveLotteryPage","1576","1","page-specific JSX","romantic-reveal","grid|simple-layout|flat-cards|solid|text-led","single-interaction|local-state|deterministic|tap-or-click","romantic-reveal","single-action low-media page","0","1","1","0","1","0"
"59","44","true","/love-tamagotchi","LoveTamagotchiPage","10074","3","LoveTamagotchi","romantic-reveal","no-grid|flex-layout|rounded-cards|solid|text-led","several-buttons|local-state|deterministic|motion-or-gesture","romantic-reveal","","0","3","3","0","3","1"
"60","45","true","/secret-vault","SecretVaultPage","1464","1","page-specific JSX","romantic-reveal","grid|simple-layout|flat-cards|solid|text-led","single-interaction|local-state|deterministic|tap-or-click","","single-action low-media page","0","1","1","0","1","0"
"61","46","true","/love-tarot","LoveTarotPage","9012","3","LoveTarot","flip-or-match","grid|flex-layout|rounded-cards|gradient|text-led","single-interaction|local-state|deterministic|motion-or-gesture","flip-or-match|random-or-generator|romantic-reveal","flip/match mechanic|random/generator output|single-action low-media page","0","0","1","0","1","1"
"62","47","true","/memory-lane","MemoryLanePage","3021","1","page-specific JSX","photo-or-memory","grid|flex-layout|rounded-cards|solid|single-media","single-interaction|local-state|deterministic|tap-or-click","photo-or-memory","","1","2","2","0","1","0"
"63","48","true","/hug-counter","HugCounterPage","14584","3","HugCounter","random-or-generator","no-grid|flex-layout|rounded-cards|gradient|text-led","single-interaction|local-state|random-output|motion-or-gesture","random-or-generator|journey-or-timeline|romantic-reveal","random/generator output","0","1","2","3","7","2"
"64","49","true","/love-crossword","LoveCrosswordPage","1487","1","page-specific JSX","puzzle","grid|simple-layout|flat-cards|solid|text-led","single-interaction|local-state|deterministic|tap-or-click","puzzle|romantic-reveal","single-action low-media page","0","1","1","0","1","0"
"65","50","true","/love-radio","LoveRadioPage","1773","1","page-specific JSX","romantic-reveal","grid|simple-layout|flat-cards|solid|text-led","single-interaction|local-state|deterministic|tap-or-click","romantic-reveal","single-action low-media page","0","1","1","0","1","0"
"66","51","true","/blessing-tree","BlessingTreePage","1699","1","page-specific JSX","romantic-reveal","grid|simple-layout|flat-cards|solid|text-led","single-interaction|local-state|deterministic|tap-or-click","","single-action low-media page","0","1","1","0","1","0"
"67","52","true","/love-vibe","LoveVibePage","16627","3","LoveVibe","random-or-generator","grid|flex-layout|rounded-cards|gradient|single-media","several-buttons|local-state|random-output|motion-or-gesture","random-or-generator|photo-or-memory|romantic-reveal","random/generator output","1","3","5","2","9","3"
"68","","false","/couple-quiz-2","CoupleQuiz2Page","2527","1","page-specific JSX","quiz-or-question","grid|flex-layout|rounded-cards|solid|single-media","single-interaction|local-state|deterministic|tap-or-click","quiz-or-question|photo-or-memory","","1","1","1","0","1","0"
"69","","false","/promise-trio","PromiseTrioPage","2758","1","page-specific JSX","photo-or-memory","grid|flex-layout|rounded-cards|solid|single-media","single-interaction|local-state|deterministic|tap-or-click","photo-or-memory|romantic-reveal","","1","1","1","0","1","0"
"70","53","true","/bento-box","BentoBoxPage","1589","1","page-specific JSX","romantic-reveal","grid|simple-layout|flat-cards|solid|text-led","single-interaction|local-state|deterministic|tap-or-click","","single-action low-media page","0","1","1","0","1","0"
"71","","false","/letter-tonight","LetterTonightPage","2412","1","page-specific JSX","letter-or-note","grid|flex-layout|flat-cards|solid|single-media","single-interaction|local-state|deterministic|motion-or-gesture","letter-or-note|photo-or-memory","","2","1","1","0","1","2"
"72","54","true","/love-coupon-generator","LoveCouponGeneratorPage","24039","3","LoveCouponGenerator","random-or-generator","grid|flex-layout|rounded-cards|gradient|text-led","many-buttons|local-state|random-output|motion-or-gesture","random-or-generator|romantic-reveal","random/generator output","0","8","8","1","7","1"
"73","55","true","/star-namer","StarNamerPage","22850","3","StarNamer","random-or-generator","no-grid|flex-layout|rounded-cards|gradient|single-media","several-buttons|local-state|random-output|motion-or-gesture","random-or-generator|photo-or-memory","random/generator output","2","3","4","6","7","3"
"74","56","true","/love-jar-notes","LoveJarNotesPage","2481","1","page-specific JSX","letter-or-note","grid|flex-layout|rounded-cards|solid|single-media","single-interaction|local-state|deterministic|tap-or-click","letter-or-note|photo-or-memory|romantic-reveal","","1","1","1","0","1","0"
"75","57","true","/sweet-compliments","SweetComplimentsPage","3659","2","SweetCompliments","romantic-reveal","no-grid|simple-layout|flat-cards|gradient|text-led","single-interaction|local-state|deterministic|motion-or-gesture","romantic-reveal","","0","2","2","0","2","1"
"76","58","true","/kiss-collector","KissCollectorPage","12850","3","KissCollector","draw-or-decorate","no-grid|flex-layout|rounded-cards|gradient|text-led","several-buttons|local-state|random-output|motion-or-gesture","draw-or-decorate|random-or-generator|builder-or-studio|romantic-reveal","random/generator output","0","3","4","3","4","5"
"77","59","true","/love-memory-flip","LoveMemoryFlipPage","20258","3","LoveMemoryFlip","flip-or-match","grid|flex-layout|rounded-cards|gradient|single-media","several-buttons|local-state|random-output|motion-or-gesture","flip-or-match|random-or-generator|photo-or-memory|romantic-reveal","flip/match mechanic|random/generator output","1","3","4","1","10","4"
"78","60","true","/sound-wave","SoundWavePage","18480","3","SoundWave","audio-or-music","grid|flex-layout|rounded-cards|gradient|single-media","several-buttons|local-state|deterministic|motion-or-gesture","audio-or-music|letter-or-note|photo-or-memory","","1","4","4","0","4","1"
"79","61","true","/love-passport-stamps","LovePassportStampsPage","3932","2","LovePassportStamps","journey-or-timeline","no-grid|simple-layout|flat-cards|gradient|text-led","single-interaction|local-state|deterministic|tap-or-click","journey-or-timeline|romantic-reveal","","0","2","2","0","2","0"
"80","62","true","/mood-ring","MoodRingPage","1389","1","page-specific JSX","romantic-reveal","grid|simple-layout|flat-cards|solid|text-led","single-interaction|local-state|deterministic|tap-or-click","","single-action low-media page","0","1","1","0","1","0"
"81","243","true","/love-tetris","LoveTetrisPage","2031","1","page-specific JSX","puzzle","grid|simple-layout|rounded-cards|solid|text-led","single-interaction|local-state|deterministic|motion-or-gesture","puzzle|romantic-reveal","","0","2","2","0","1","1"
"82","63","true","/cupid-archery","CupidArcheryPage","15181","3","CupidArchery","random-or-generator","no-grid|flex-layout|rounded-cards|gradient|text-led","single-interaction|local-state|random-output|motion-or-gesture","random-or-generator","random/generator output","0","1","2","9","7","1"
"83","64","true","/love-alarm","LoveAlarmPage","15278","3","LoveAlarm","romantic-reveal","no-grid|flex-layout|rounded-cards|gradient|text-led","many-buttons|local-state|deterministic|motion-or-gesture","romantic-reveal","","0","8","9","0","8","5"
"84","65","true","/couple-bucket-list-2","CoupleBucketList2Page","2680","1","page-specific JSX","photo-or-memory","grid|flex-layout|rounded-cards|solid|single-media","single-interaction|local-state|deterministic|tap-or-click","photo-or-memory","","1","1","1","0","1","0"
"85","","false","/love-quiz-advanced","LoveQuizAdvancedPage","2511","1","page-specific JSX","quiz-or-question","grid|simple-layout|rounded-cards|solid|single-media","single-interaction|local-state|deterministic|tap-or-click","quiz-or-question|photo-or-memory|romantic-reveal","","1","1","1","0","1","0"
"86","66","true","/love-meter-deluxe","LoveMeterDeluxePage","1884","1","page-specific JSX","romantic-reveal","no-grid|simple-layout|flat-cards|solid|text-led","single-interaction|local-state|deterministic|tap-or-click","romantic-reveal","single-action low-media page","0","1","1","0","1","0"
"87","67","true","/love-envelope","LoveEnvelopePage","21275","3","LoveEnvelope","letter-or-note","grid|flex-layout|rounded-cards|gradient|single-media","many-buttons|local-state|deterministic|motion-or-gesture","letter-or-note|photo-or-memory|romantic-reveal","","1","8","9","0","8","1"
"88","68","true","/love-constellation-connect","LoveConstellationConnectPage","18287","3","LoveConstellationConnect","photo-or-memory","no-grid|flex-layout|rounded-cards|gradient|single-media","several-buttons|local-state|deterministic|motion-or-gesture","photo-or-memory|romantic-reveal","","1","5","5","0","4","1"
"89","69","true","/love-journal-prompt","LoveJournalPromptPage","14908","3","LoveJournalPrompt","romantic-reveal","no-grid|flex-layout|rounded-cards|gradient|text-led","several-buttons|local-state|deterministic|motion-or-gesture","romantic-reveal","","0","4","4","0","5","4"
"90","70","true","/love-chimes","LoveChimesPage","12902","3","LoveChimes","audio-or-music","no-grid|flex-layout|rounded-cards|gradient|text-led","several-buttons|local-state|deterministic|motion-or-gesture","audio-or-music|letter-or-note|romantic-reveal","","0","4","5","0","5","4"
"91","","false","/love-puzzle-slider","LovePuzzleSliderPage","12197","3","LovePuzzleSlider","puzzle","no-grid|flex-layout|rounded-cards|gradient|text-led","several-buttons|local-state|random-output|motion-or-gesture","puzzle|random-or-generator|romantic-reveal","random/generator output","0","2","3","1","4","3"
"92","71","true","/love-horoscope-daily","LoveHoroscopeDailyPage","5041","2","LoveHoroscopeDaily","romantic-reveal","no-grid|flex-layout|flat-cards|gradient|text-led","several-buttons|local-state|deterministic|tap-or-click","romantic-reveal","","0","3","3","0","2","0"
"93","72","true","/love-recipe","LoveRecipePage","4342","2","LoveRecipe","romantic-reveal","no-grid|flex-layout|flat-cards|gradient|text-led","several-buttons|local-state|deterministic|tap-or-click","romantic-reveal","","0","3","3","0","2","0"
"94","73","true","/love-fireflies","LoveFirefliesPage","14994","3","LoveFireflies","random-or-generator","no-grid|flex-layout|rounded-cards|gradient|text-led","single-interaction|local-state|random-output|motion-or-gesture","random-or-generator|romantic-reveal","random/generator output","0","1","2","23","5","1"
"95","74","true","/love-tree-growth","LoveTreeGrowthPage","1949","1","page-specific JSX","romantic-reveal","grid|simple-layout|rounded-cards|solid|text-led","single-interaction|local-state|deterministic|tap-or-click","romantic-reveal","","0","2","2","0","1","0"
"96","75","true","/love-wishes-sky","LoveWishesSkyPage","14600","3","LoveWishesSky","random-or-generator","no-grid|flex-layout|rounded-cards|gradient|text-led","several-buttons|local-state|random-output|motion-or-gesture","random-or-generator|romantic-reveal","random/generator output","0","3","3","5","2","1"
"97","76","true","/love-time-machine","LoveTimeMachinePage","13047","3","LoveTimeMachine","journey-or-timeline","no-grid|flex-layout|rounded-cards|gradient|text-led","several-buttons|local-state|deterministic|motion-or-gesture","journey-or-timeline|romantic-reveal","","0","3","4","0","3","1"
"98","","false","/love-memory-match","LoveMemoryMatchPage","18107","3","LoveMemoryMatch","flip-or-match","grid|flex-layout|rounded-cards|gradient|single-media","several-buttons|local-state|random-output|motion-or-gesture","flip-or-match|random-or-generator|photo-or-memory|romantic-reveal","flip/match mechanic|random/generator output","1","4","5","1","7","4"
"99","77","true","/love-origami-heart","LoveOrigamiHeartPage","18776","3","LoveOrigamiHeart","romantic-reveal","no-grid|flex-layout|rounded-cards|gradient|text-led","many-buttons|local-state|deterministic|motion-or-gesture","romantic-reveal","","0","7","8","0","6","4"
"100","78","true","/love-fortune-cookie","LoveFortuneCookiePage","14222","3","LoveFortuneCookie","random-or-generator","no-grid|flex-layout|rounded-cards|gradient|text-led","several-buttons|local-state|random-output|motion-or-gesture","random-or-generator|romantic-reveal","random/generator output","0","3","4","1","5","6"
"101","79","true","/love-scratch-card","LoveScratchCardPage","1651","1","page-specific JSX","scratch-reveal","grid|simple-layout|flat-cards|solid|single-media","single-interaction|local-state|deterministic|tap-or-click","scratch-reveal|photo-or-memory|romantic-reveal","scratch/foil mechanic","1","1","1","0","1","0"
"102","80","true","/love-audio-visualizer","LoveAudioVisualizerPage","15063","3","LoveAudioVisualizer","audio-or-music","grid|flex-layout|rounded-cards|gradient|text-led","several-buttons|local-state|random-output|motion-or-gesture","audio-or-music|random-or-generator|romantic-reveal","random/generator output","0","2","3","1","6","1"
"103","","false","/love-trivia-quiz","LoveTriviaQuizPage","11130","3","LoveTriviaQuiz","quiz-or-question","no-grid|flex-layout|rounded-cards|gradient|text-led","single-interaction|local-state|deterministic|motion-or-gesture","quiz-or-question|romantic-reveal","","0","2","2","0","4","1"
"104","81","true","/love-photo-booth","LovePhotoBoothPage","17592","3","LovePhotoBooth","draw-or-decorate","no-grid|flex-layout|rounded-cards|gradient|single-media","several-buttons|local-state|random-output|motion-or-gesture","draw-or-decorate|random-or-generator|photo-or-memory|romantic-reveal","random/generator output","2","7","7","4","8","1"
"105","82","true","/love-wish-well","LoveWishWellPage","1444","1","page-specific JSX","romantic-reveal","grid|simple-layout|flat-cards|gradient|text-led","single-interaction|local-state|deterministic|tap-or-click","romantic-reveal","single-action low-media page","0","1","1","0","1","0"
"106","83","true","/love-grand-finale","LoveGrandFinalePage","20978","3","LoveGrandFinale","random-or-generator","grid|flex-layout|rounded-cards|gradient|single-media","several-buttons|local-state|random-output|motion-or-gesture","random-or-generator|photo-or-memory|romantic-reveal","random/generator output","1","5","6","4","5","2"
"107","","false","/love-map-canvas","LoveMapCanvasPage","29709","3","LoveMapCanvas","draw-or-decorate","no-grid|flex-layout|rounded-cards|gradient|single-media","many-buttons|local-state|random-output|motion-or-gesture","draw-or-decorate|random-or-generator|journey-or-timeline|photo-or-memory|romantic-reveal","random/generator output","2","8","9","3","10","4"
"108","172","true","/heartbeat-drum-pad","HeartbeatDrumPadPage","1479","1","page-specific JSX","audio-or-music","grid|simple-layout|flat-cards|solid|text-led","single-interaction|local-state|deterministic|tap-or-click","audio-or-music|romantic-reveal","single-action low-media page","0","1","1","0","1","0"
"109","84","true","/paper-airplane-messenger","PaperAirplaneMessengerPage","23322","3","PaperAirplaneMessenger","random-or-generator","grid|flex-layout|rounded-cards|gradient|photo-led","several-buttons|local-state|random-output|motion-or-gesture","random-or-generator|letter-or-note|photo-or-memory|romantic-reveal","random/generator output","4","6","6","1","7","3"
"110","124","true","/emoji-art-canvas","EmojiArtCanvasPage","1903","1","page-specific JSX","draw-or-decorate","grid|flex-layout|rounded-cards|gradient|text-led","single-interaction|local-state|deterministic|tap-or-click","draw-or-decorate","","0","2","2","0","1","0"
"111","85","true","/magic-8-ball-love","Magic8BallLovePage","17444","3","Magic8BallLove","random-or-generator","no-grid|flex-layout|rounded-cards|gradient|single-media","several-buttons|local-state|random-output|motion-or-gesture","random-or-generator|photo-or-memory|romantic-reveal","random/generator output","1","3","4","3","4","4"
"112","86","true","/love-lock-bridge","LoveLockBridgePage","19523","3","LoveLockBridge","random-or-generator","grid|flex-layout|rounded-cards|gradient|single-media","several-buttons|local-state|random-output|motion-or-gesture","random-or-generator|photo-or-memory|romantic-reveal","random/generator output","2","4","6","1","6","4"
"113","","false","/secret-language","SecretLanguagePage","2667","1","page-specific JSX","photo-or-memory","grid|flex-layout|rounded-cards|solid|single-media","single-interaction|local-state|deterministic|tap-or-click","photo-or-memory","","1","1","1","0","1","0"
"114","87","true","/cloud-skywriter","CloudSkywriterPage","18637","3","CloudSkywriter","random-or-generator","no-grid|flex-layout|rounded-cards|gradient|photo-led","several-buttons|local-state|random-output|motion-or-gesture","random-or-generator|photo-or-memory","random/generator output","3","5","6","3","4","1"
"115","88","true","/love-thermometer","LoveThermometerPage","17180","3","LoveThermometer","journey-or-timeline","grid|flex-layout|rounded-cards|gradient|single-media","several-buttons|local-state|deterministic|motion-or-gesture","journey-or-timeline|photo-or-memory|romantic-reveal","","1","4","6","0","3","1"
"116","89","true","/movie-ticket-creator","MovieTicketCreatorPage","17573","3","MovieTicketCreator","random-or-generator","grid|flex-layout|rounded-cards|gradient|single-media","several-buttons|local-state|random-output|motion-or-gesture","random-or-generator|photo-or-memory","random/generator output","2","5","6","2","6","3"
"117","90","true","/snow-globe-shaker","SnowGlobeShakerPage","13239","3","SnowGlobeShaker","random-or-generator","no-grid|flex-layout|rounded-cards|gradient|single-media","several-buttons|local-state|random-output|motion-or-gesture","random-or-generator|photo-or-memory|romantic-reveal","random/generator output","1","3","4","8","4","3"
"118","91","true","/wish-dandelion","WishDandelionPage","17479","3","WishDandelion","random-or-generator","no-grid|flex-layout|rounded-cards|gradient|photo-led","several-buttons|local-state|random-output|motion-or-gesture","random-or-generator|photo-or-memory|romantic-reveal","random/generator output","3","4","5","4","6","6"
"119","","false","/pixel-heart-painter","PixelHeartPainterPage","17044","3","PixelHeartPainter","draw-or-decorate","grid|flex-layout|rounded-cards|gradient|single-media","several-buttons|local-state|random-output|motion-or-gesture","draw-or-decorate|random-or-generator|photo-or-memory|romantic-reveal","random/generator output","2","5","5","1","4","3"
"120","92","true","/romantic-charades","RomanticCharadesPage","15572","3","RomanticCharades","random-or-generator","no-grid|flex-layout|rounded-cards|gradient|single-media","several-buttons|local-state|random-output|motion-or-gesture","random-or-generator|photo-or-memory|romantic-reveal","random/generator output","1","4","4","2","6","1"
"121","93","true","/love-achievement-badges","LoveAchievementBadgesPage","15303","3","LoveAchievementBadges","journey-or-timeline","grid|flex-layout|rounded-cards|gradient|single-media","several-buttons|local-state|deterministic|motion-or-gesture","journey-or-timeline|photo-or-memory|romantic-reveal","","1","3","4","0","2","1"
"122","94","true","/enchanted-rose-garden","EnchantedRoseGardenPage","16826","3","EnchantedRoseGarden","random-or-generator","grid|flex-layout|rounded-cards|gradient|single-media","several-buttons|local-state|random-output|motion-or-gesture","random-or-generator|photo-or-memory|romantic-reveal","random/generator output","1","6","7","2","3","1"
"123","95","true","/love-mad-libs","LoveMadLibsPage","13758","3","LoveMadLibs","random-or-generator","no-grid|flex-layout|rounded-cards|gradient|single-media","single-interaction|local-state|random-output|motion-or-gesture","random-or-generator|photo-or-memory|romantic-reveal","random/generator output","1","2","2","2","4","1"
"124","96","true","/love-butterfly-catcher","LoveButterflyCatcherPage","1611","1","page-specific JSX","arcade-or-catch","grid|simple-layout|flat-cards|solid|text-led","single-interaction|local-state|deterministic|tap-or-click","arcade-or-catch|romantic-reveal","arcade/catch mechanic|single-action low-media page","0","1","1","0","1","0"
"125","97","true","/romantic-karaoke","RomanticKaraokePage","1614","1","page-specific JSX","audio-or-music","grid|simple-layout|flat-cards|solid|text-led","single-interaction|local-state|deterministic|tap-or-click","audio-or-music","single-action low-media page","0","1","1","0","1","0"
"126","98","true","/love-mirror-oracle","LoveMirrorOraclePage","13238","3","LoveMirrorOracle","random-or-generator","no-grid|flex-layout|rounded-cards|gradient|single-media","several-buttons|local-state|random-output|motion-or-gesture","random-or-generator|photo-or-memory|romantic-reveal","random/generator output","1","2","3","3","4","2"
"127","99","true","/origami-crane","OrigamiCranePage","14983","3","OrigamiCrane","random-or-generator","grid|flex-layout|rounded-cards|gradient|single-media","several-buttons|local-state|random-output|motion-or-gesture","random-or-generator|photo-or-memory|romantic-reveal","random/generator output","1","4","6","2","4","1"
"128","100","true","/star-drawer","StarDrawerPage","14527","3","StarDrawer","draw-or-decorate","no-grid|flex-layout|rounded-cards|gradient|single-media","several-buttons|local-state|random-output|motion-or-gesture","draw-or-decorate|random-or-generator|photo-or-memory|romantic-reveal","random/generator output","1","4","5","2","4","3"
"129","101","true","/birthday-wish-letter","BirthdayWishLetterPage","2438","1","page-specific JSX","letter-or-note","grid|simple-layout|rounded-cards|gradient|single-media","single-interaction|local-state|deterministic|tap-or-click","letter-or-note|photo-or-memory|romantic-reveal","","1","1","1","0","1","0"
"130","102","true","/bubble-wrap","BubbleWrapPage","11673","3","BubbleWrap","random-or-generator","grid|flex-layout|rounded-cards|gradient|single-media","several-buttons|local-state|random-output|motion-or-gesture","random-or-generator|photo-or-memory|romantic-reveal","random/generator output","1","2","3","1","2","3"
"131","","false","/scratch-memory","ScratchMemoryPage","14451","3","ScratchMemory","scratch-reveal","grid|flex-layout|rounded-cards|gradient|single-media","several-buttons|local-state|random-output|motion-or-gesture","scratch-reveal|random-or-generator|photo-or-memory|romantic-reveal","scratch/foil mechanic|random/generator output","2","4","5","1","3","3"
"132","","false","/quiz-duel","QuizDuelPage","14642","3","QuizDuel","quiz-or-question","grid|flex-layout|rounded-cards|gradient|single-media","several-buttons|local-state|random-output|motion-or-gesture","quiz-or-question|random-or-generator|photo-or-memory|romantic-reveal","random/generator output","1","4","6","2","3","2"
"133","103","true","/love-aquarium","LoveAquariumPage","14688","3","LoveAquarium","random-or-generator","no-grid|flex-layout|rounded-cards|gradient|single-media","several-buttons|local-state|random-output|motion-or-gesture","random-or-generator|photo-or-memory|romantic-reveal","random/generator output","1","5","5","7","4","1"
"134","104","true","/photo-puzzle-3d","PhotoPuzzle3DPage","2226","1","page-specific JSX","puzzle","grid|simple-layout|rounded-cards|solid|single-media","single-interaction|local-state|deterministic|tap-or-click","puzzle|photo-or-memory","","1","1","1","0","1","0"
"135","105","true","/coupon-vault","CouponVaultPage","11728","3","CouponVault","random-or-generator","grid|flex-layout|rounded-cards|gradient|single-media","single-interaction|local-state|random-output|motion-or-gesture","random-or-generator|photo-or-memory|romantic-reveal","random/generator output","1","2","2","1","3","1"
"136","106","true","/heart-mailbox","HeartMailboxPage","14044","3","HeartMailbox","random-or-generator","no-grid|flex-layout|rounded-cards|gradient|single-media","several-buttons|local-state|random-output|motion-or-gesture","random-or-generator|letter-or-note|photo-or-memory|romantic-reveal","random/generator output","1","2","3","2","5","2"
"137","107","true","/star-projector","StarProjectorPage","12010","3","StarProjector","random-or-generator","grid|flex-layout|rounded-cards|gradient|single-media","several-buttons|local-state|random-output|motion-or-gesture","random-or-generator|photo-or-memory","random/generator output","1","3","3","2","3","1"
"138","108","true","/cupcake-decorator","CupcakeDecoratorPage","13622","3","CupcakeDecorator","random-or-generator","grid|flex-layout|rounded-cards|gradient|single-media","several-buttons|local-state|random-output|motion-or-gesture","random-or-generator|photo-or-memory|builder-or-studio","random/generator output","1","5","5","2","4","1"
"139","109","true","/magnetic-poetry","MagneticPoetryPage","12459","3","MagneticPoetry","random-or-generator","no-grid|flex-layout|rounded-cards|gradient|single-media","several-buttons|local-state|random-output|motion-or-gesture","random-or-generator|photo-or-memory","random/generator output","1","5","5","2","3","3"
"140","110","true","/firework-maker","FireworkMakerPage","2212","1","page-specific JSX","romantic-reveal","grid|simple-layout|flat-cards|solid|text-led","single-interaction|local-state|deterministic|tap-or-click","","single-action low-media page","0","1","1","0","1","0"
"141","111","true","/love-clock","LoveClockPage","14862","3","LoveClock","random-or-generator","grid|flex-layout|rounded-cards|gradient|single-media","several-buttons|local-state|random-output|motion-or-gesture","random-or-generator|journey-or-timeline|photo-or-memory|romantic-reveal","random/generator output","1","3","3","2","6","1"
"142","112","true","/polaroid-designer","PolaroidDesignerPage","11876","3","PolaroidDesigner","random-or-generator","no-grid|flex-layout|rounded-cards|gradient|single-media","several-buttons|local-state|random-output|motion-or-gesture","random-or-generator|photo-or-memory","random/generator output","1","4","4","2","3","1"
"143","113","true","/origami-boat","OrigamiBoatPage","11589","3","OrigamiBoat","random-or-generator","no-grid|flex-layout|rounded-cards|gradient|single-media","several-buttons|local-state|random-output|motion-or-gesture","random-or-generator|photo-or-memory","random/generator output","1","3","3","2","2","2"
"144","114","true","/candle-blower","CandleBlowerPage","12259","3","CandleBlower","random-or-generator","no-grid|flex-layout|rounded-cards|gradient|single-media","several-buttons|local-state|random-output|motion-or-gesture","random-or-generator|photo-or-memory|romantic-reveal","random/generator output","1","3","4","2","2","1"
"145","115","true","/royal-crown","RoyalCrownPage","11429","3","RoyalCrown","random-or-generator","no-grid|flex-layout|rounded-cards|gradient|single-media","several-buttons|local-state|random-output|motion-or-gesture","random-or-generator|photo-or-memory","random/generator output","1","3","3","2","2","3"
"146","116","true","/potion-brewery","LovePotionBreweryPage","3583","2","LovePotionBrewery","romantic-reveal","no-grid|flex-layout|flat-cards|gradient|text-led","single-interaction|local-state|deterministic|motion-or-gesture","romantic-reveal","","0","2","2","0","1","0"
"147","117","true","/love-compass","LoveCompassPage","12860","3","LoveCompass","random-or-generator","no-grid|flex-layout|rounded-cards|gradient|single-media","several-buttons|local-state|random-output|motion-or-gesture","random-or-generator|photo-or-memory|romantic-reveal","random/generator output","1","2","3","3","5","5"
"148","","false","/word-jumble","RomanceWordJumblePage","12466","3","RomanceWordJumble","puzzle","no-grid|flex-layout|rounded-cards|gradient|single-media","single-interaction|local-state|random-output|motion-or-gesture","puzzle|random-or-generator|photo-or-memory|romantic-reveal","random/generator output","1","3","2","2","4","1"
"149","118","true","/time-capsule-2","BirthdayTimeCapsule2Page","11565","3","BirthdayTimeCapsule2","random-or-generator","no-grid|flex-layout|rounded-cards|gradient|single-media","several-buttons|local-state|random-output|motion-or-gesture","random-or-generator|photo-or-memory|romantic-reveal","random/generator output","1","3","4","2","2","1"
"150","119","true","/love-compatibility-matrix","LoveCompatibilityMatrixPage","14161","3","LoveCompatibilityMatrix","random-or-generator","grid|flex-layout|rounded-cards|gradient|single-media","several-buttons|local-state|random-output|motion-or-gesture","random-or-generator|photo-or-memory|romantic-reveal","random/generator output","1","3","4","2","3","1"
"151","120","true","/future-house-builder","FutureHouseBuilderPage","15029","3","FutureHouseBuilder","random-or-generator","grid|flex-layout|rounded-cards|gradient|single-media","several-buttons|local-state|random-output|motion-or-gesture","random-or-generator|photo-or-memory|builder-or-studio","random/generator output","1","5","5","2","5","1"
"152","121","true","/romantic-playlist-mixer","RomanticPlaylistMixerPage","10908","3","RomanticPlaylistMixer","random-or-generator","no-grid|flex-layout|rounded-cards|gradient|single-media","single-interaction|local-state|random-output|motion-or-gesture","random-or-generator|photo-or-memory","random/generator output","1","2","2","2","3","2"
"153","122","true","/sweet-promises-jar","SweetPromisesJarPage","11937","3","SweetPromisesJar","random-or-generator","no-grid|flex-layout|rounded-cards|gradient|single-media","several-buttons|local-state|random-output|motion-or-gesture","random-or-generator|letter-or-note|photo-or-memory|romantic-reveal","random/generator output","1","3","4","2","3","1"
"154","123","true","/love-languages-quiz","LoveLanguagesQuizPage","1613","1","page-specific JSX","quiz-or-question","no-grid|simple-layout|flat-cards|solid|text-led","single-interaction|local-state|deterministic|tap-or-click","quiz-or-question|romantic-reveal","single-action low-media page","0","1","1","0","1","0"
"155","125","true","/love-constellation-painter","LoveConstellationPainterPage","2037","1","page-specific JSX","draw-or-decorate","grid|simple-layout|rounded-cards|gradient|single-media","single-interaction|local-state|deterministic|tap-or-click","draw-or-decorate|photo-or-memory|romantic-reveal","","1","1","1","0","1","0"
"156","126","true","/love-letter-generator","LoveLetterGeneratorPage","11423","3","LoveLetterGenerator","random-or-generator","no-grid|flex-layout|rounded-cards|solid|single-media","single-interaction|local-state|random-output|motion-or-gesture","random-or-generator|letter-or-note|photo-or-memory|romantic-reveal","random/generator output","1","2","2","2","2","1"
"157","127","true","/anniversary-countdown-clock","AnniversaryCountdownClockPage","11300","3","AnniversaryCountdownClock","random-or-generator","grid|flex-layout|rounded-cards|gradient|single-media","single-interaction|local-state|random-output|motion-or-gesture","random-or-generator|photo-or-memory","random/generator output","1","2","2","2","2","1"
"158","128","true","/heart-bubble-tea-maker","HeartBubbleTeaMakerPage","12382","3","HeartBubbleTeaMaker","random-or-generator","no-grid|flex-layout|rounded-cards|solid|single-media","several-buttons|local-state|random-output|motion-or-gesture","random-or-generator|photo-or-memory|romantic-reveal","random/generator output","1","4","4","2","3","1"
"159","129","true","/love-notes-wall","LoveNotesWallPage","10642","3","LoveNotesWall","random-or-generator","no-grid|flex-layout|rounded-cards|gradient|single-media","single-interaction|local-state|random-output|motion-or-gesture","random-or-generator|journey-or-timeline|letter-or-note|photo-or-memory|romantic-reveal","random/generator output","1","2","2","2","2","3"
"160","130","true","/virtual-cat-cafe","VirtualCatCafePage","10986","3","VirtualCatCafe","random-or-generator","no-grid|flex-layout|rounded-cards|gradient|single-media","several-buttons|local-state|random-output|motion-or-gesture","random-or-generator|photo-or-memory|romantic-reveal","random/generator output","1","3","3","2","3","1"
"161","","false","/memory-replay","MemoryReplayPage","2434","1","page-specific JSX","photo-or-memory","grid|simple-layout|flat-cards|solid|single-media","single-interaction|local-state|deterministic|tap-or-click","photo-or-memory","","2","2","2","0","1","0"
"162","","false","/love-quiz-personality","LoveQuizPersonalityPage","10680","3","LoveQuizPersonality","quiz-or-question","grid|flex-layout|rounded-cards|solid|single-media","single-interaction|local-state|random-output|motion-or-gesture","quiz-or-question|random-or-generator|photo-or-memory|romantic-reveal","random/generator output","1","2","2","2","2","1"
"163","131","true","/sweet-proposal-simulator","SweetProposalSimulatorPage","1688","1","page-specific JSX","romantic-reveal","grid|simple-layout|flat-cards|solid|text-led","single-interaction|local-state|deterministic|tap-or-click","","","0","2","2","0","1","0"
"164","132","true","/love-frequency-tuner","LoveFrequencyTunerPage","19759","3","LoveFrequencyTuner","random-or-generator","grid|flex-layout|rounded-cards|gradient|text-led","several-buttons|local-state|random-output|motion-or-gesture","random-or-generator|romantic-reveal","random/generator output","0","0","3","3","4","3"
"165","133","true","/couples-secret-handshake","CouplesSecretHandshakePage","11901","3","CouplesSecretHandshake","random-or-generator","no-grid|flex-layout|rounded-cards|gradient|single-media","several-buttons|local-state|random-output|motion-or-gesture","random-or-generator|photo-or-memory","random/generator output","1","4","4","2","3","1"
"166","134","true","/starry-night-skywriter","StarryNightSkywriterPage","11781","3","StarryNightSkywriter","random-or-generator","no-grid|flex-layout|rounded-cards|gradient|single-media","several-buttons|local-state|random-output|motion-or-gesture","random-or-generator|photo-or-memory","random/generator output","1","3","4","2","3","1"
"167","135","true","/romantic-cooking-recipe","RomanticCookingRecipePage","11623","3","RomanticCookingRecipe","random-or-generator","no-grid|flex-layout|rounded-cards|gradient|single-media","several-buttons|local-state|random-output|motion-or-gesture","random-or-generator|photo-or-memory","random/generator output","1","3","3","2","3","1"
"168","136","true","/love-vault-combination","LoveVaultCombinationPage","11524","3","LoveVaultCombination","random-or-generator","no-grid|flex-layout|rounded-cards|gradient|single-media","several-buttons|local-state|random-output|motion-or-gesture","random-or-generator|photo-or-memory|romantic-reveal","random/generator output","1","3","3","2","3","3"
"169","137","true","/sweet-voicemail-inbox","SweetVoicemailInboxPage","11294","3","SweetVoicemailInbox","random-or-generator","no-grid|flex-layout|rounded-cards|solid|single-media","single-interaction|local-state|random-output|motion-or-gesture","random-or-generator|photo-or-memory|romantic-reveal","random/generator output","1","2","2","2","2","1"
"170","138","true","/couple-daily-horoscope","CoupleDailyHoroscopePage","12027","3","CoupleDailyHoroscope","random-or-generator","no-grid|flex-layout|rounded-cards|gradient|single-media","several-buttons|local-state|random-output|motion-or-gesture","random-or-generator|photo-or-memory","random/generator output","1","3","4","2","3","1"
"171","","false","/love-scratch-off-gallery","LoveScratchOffGalleryPage","10652","3","LoveScratchOffGallery","scratch-reveal","grid|flex-layout|rounded-cards|gradient|single-media","single-interaction|local-state|random-output|motion-or-gesture","scratch-reveal|random-or-generator|photo-or-memory|romantic-reveal","scratch/foil mechanic|random/generator output","1","1","2","2","2","1"
"172","","false","/heart-shape-tangram","HeartShapeTangramPage","11790","3","HeartShapeTangram","puzzle","no-grid|flex-layout|rounded-cards|solid|single-media","several-buttons|local-state|random-output|motion-or-gesture","puzzle|random-or-generator|photo-or-memory|romantic-reveal","random/generator output","1","3","3","2","2","1"
"173","139","true","/love-meteor-shower","LoveMeteorShowerPage","10984","3","LoveMeteorShower","random-or-generator","no-grid|flex-layout|rounded-cards|gradient|single-media","several-buttons|local-state|random-output|motion-or-gesture","random-or-generator|photo-or-memory|romantic-reveal","random/generator output","1","2","3","2","2","1"
"174","140","true","/sweet-tea-ceremony","SweetTeaCeremonyPage","12060","3","SweetTeaCeremony","random-or-generator","no-grid|flex-layout|rounded-cards|gradient|single-media","several-buttons|local-state|random-output|motion-or-gesture","random-or-generator|photo-or-memory","random/generator output","1","4","4","2","3","1"
"175","141","true","/couple-nickname-generator","CoupleNicknameGeneratorPage","10627","3","CoupleNicknameGenerator","random-or-generator","no-grid|flex-layout|rounded-cards|gradient|single-media","single-interaction|local-state|random-output|motion-or-gesture","random-or-generator|photo-or-memory","random/generator output","1","2","2","4","3","1"
"176","142","true","/love-rhythm-game","LoveRhythmGamePage","1646","1","page-specific JSX","audio-or-music","grid|simple-layout|flat-cards|solid|text-led","single-interaction|local-state|deterministic|tap-or-click","audio-or-music|romantic-reveal","single-action low-media page","0","1","1","0","2","0"
"177","143","true","/sweet-dessert-tower","SweetDessertTowerPage","11160","3","SweetDessertTower","random-or-generator","no-grid|flex-layout|rounded-cards|gradient|single-media","several-buttons|local-state|random-output|motion-or-gesture","random-or-generator|photo-or-memory","random/generator output","1","3","3","4","2","1"
"178","144","true","/love-poetry-fridge","LovePoetryFridgePage","10399","3","LovePoetryFridge","random-or-generator","no-grid|flex-layout|rounded-cards|solid|single-media","single-interaction|local-state|random-output|motion-or-gesture","random-or-generator|photo-or-memory|romantic-reveal","random/generator output","1","2","2","1","2","1"
"179","145","true","/couple-travel-passport-stamps","CoupleTravelPassportStampsPage","11713","3","CoupleTravelPassportStamps","random-or-generator","grid|flex-layout|rounded-cards|solid|single-media","several-buttons|local-state|random-output|motion-or-gesture","random-or-generator|journey-or-timeline|photo-or-memory","random/generator output","1","3","3","3","2","1"
"180","146","true","/love-firework-painter","LoveFireworkPainterPage","1502","1","page-specific JSX","draw-or-decorate","grid|simple-layout|flat-cards|gradient|text-led","single-interaction|local-state|deterministic|tap-or-click","draw-or-decorate|romantic-reveal","single-action low-media page","0","1","1","0","1","0"
"181","","false","/sweet-dream-catcher","SweetDreamCatcherPage","10276","3","SweetDreamCatcher","arcade-or-catch","no-grid|flex-layout|rounded-cards|solid|single-media","single-interaction|local-state|random-output|motion-or-gesture","arcade-or-catch|random-or-generator|photo-or-memory","random/generator output|arcade/catch mechanic","1","2","2","2","2","1"
"182","147","true","/couple-questions-deep","CoupleQuestionsDeepPage","10714","3","CoupleQuestionsDeep","quiz-or-question","no-grid|flex-layout|rounded-cards|gradient|single-media","single-interaction|local-state|random-output|motion-or-gesture","quiz-or-question|random-or-generator|photo-or-memory","random/generator output","1","2","2","2","2","1"
"183","148","true","/love-music-box-carousel","LoveMusicBoxCarouselPage","10719","3","LoveMusicBoxCarousel","audio-or-music","grid|flex-layout|rounded-cards|solid|single-media","single-interaction|local-state|random-output|motion-or-gesture","audio-or-music|random-or-generator|photo-or-memory|romantic-reveal","random/generator output","1","2","2","2","3","1"
"184","149","true","/sweet-compliments-fountain","SweetComplimentsFountainPage","11094","3","SweetComplimentsFountain","random-or-generator","no-grid|flex-layout|rounded-cards|gradient|single-media","several-buttons|local-state|random-output|motion-or-gesture","random-or-generator|photo-or-memory|romantic-reveal","random/generator output","1","2","3","2","3","1"
"185","150","true","/couple-movie-night","CoupleMovieNightPage","11041","3","CoupleMovieNight","random-or-generator","no-grid|flex-layout|rounded-cards|gradient|single-media","several-buttons|local-state|random-output|motion-or-gesture","random-or-generator|photo-or-memory|romantic-reveal","random/generator output","1","3","3","3","3","1"
"186","151","true","/love-keychain-customizer","LoveKeychainCustomizerPage","10132","3","LoveKeychainCustomizer","random-or-generator","no-grid|flex-layout|rounded-cards|solid|single-media","single-interaction|local-state|random-output|motion-or-gesture","random-or-generator|photo-or-memory|builder-or-studio|romantic-reveal","random/generator output","1","2","2","2","2","1"
"187","152","true","/sweet-garden-blooms","SweetGardenBloomsPage","11562","3","SweetGardenBlooms","random-or-generator","no-grid|flex-layout|rounded-cards|gradient|single-media","several-buttons|local-state|random-output|motion-or-gesture","random-or-generator|photo-or-memory","random/generator output","1","3","3","3","2","1"
"188","153","true","/couple-anniversary-timeline","CoupleAnniversaryTimelinePage","11072","3","CoupleAnniversaryTimeline","random-or-generator","no-grid|flex-layout|rounded-cards|gradient|single-media","single-interaction|local-state|random-output|motion-or-gesture","random-or-generator|journey-or-timeline|photo-or-memory","random/generator output","1","2","2","2","2","1"
"189","154","true","/love-fortune-teller-origami","LoveFortuneTellerOrigamiPage","12112","3","LoveFortuneTellerOrigami","random-or-generator","grid|flex-layout|rounded-cards|solid|single-media","several-buttons|local-state|random-output|motion-or-gesture","random-or-generator|photo-or-memory|romantic-reveal","random/generator output","1","3","3","2","2","1"
"190","155","true","/sweet-heart-balloon-ascent","SweetHeartBalloonAscentPage","9783","3","SweetHeartBalloonAscent","random-or-generator","no-grid|flex-layout|rounded-cards|gradient|single-media","single-interaction|local-state|random-output|motion-or-gesture","random-or-generator|photo-or-memory|romantic-reveal","random/generator output","1","2","2","2","2","1"
"191","156","true","/couple-starry-planetarium","CoupleStarryPlanetariumPage","10752","3","CoupleStarryPlanetarium","random-or-generator","no-grid|flex-layout|rounded-cards|solid|single-media","single-interaction|local-state|random-output|motion-or-gesture","random-or-generator|photo-or-memory","random/generator output","1","2","2","2","3","1"
"192","157","true","/love-letter-in-balloon","LoveLetterInBalloonPage","10963","3","LoveLetterInBalloon","random-or-generator","no-grid|flex-layout|rounded-cards|gradient|single-media","single-interaction|local-state|random-output|motion-or-gesture","random-or-generator|letter-or-note|photo-or-memory|romantic-reveal","random/generator output","1","2","2","2","2","1"
"193","158","true","/sweet-memory-scrapbook","SweetMemoryScrapbookPage","10979","3","SweetMemoryScrapbook","random-or-generator","no-grid|flex-layout|rounded-cards|gradient|single-media","single-interaction|local-state|random-output|motion-or-gesture","random-or-generator|letter-or-note|photo-or-memory","random/generator output","1","2","2","2","2","4"
"194","159","true","/love-coronation-ceremony","LoveCoronationCeremonyPage","11694","3","LoveCoronationCeremony","random-or-generator","no-grid|flex-layout|rounded-cards|gradient|single-media","several-buttons|local-state|random-output|motion-or-gesture","random-or-generator|photo-or-memory|romantic-reveal","random/generator output","1","3","3","2","2","1"
"195","160","true","/whatsapp-10k-love","WhatsApp10kLovePage","20235","3","WhatsApp10kLove","random-or-generator","no-grid|flex-layout|rounded-cards|solid|single-media","several-buttons|local-state|random-output|motion-or-gesture","random-or-generator|photo-or-memory|romantic-reveal","random/generator output","1","7","6","1","8","1"
"196","161","true","/cupid-radio-dj","CupidRadioDJStationPage","16046","3","CupidRadioDJStation","random-or-generator","grid|flex-layout|rounded-cards|gradient|single-media","several-buttons|local-state|random-output|motion-or-gesture","random-or-generator|photo-or-memory","random/generator output","1","4","4","3","4","1"
"197","162","true","/constellation-stargazer","LoveConstellationStargazerPage","13049","3","LoveConstellationStargazer","random-or-generator","grid|flex-layout|rounded-cards|gradient|single-media","single-interaction|local-state|random-output|motion-or-gesture","random-or-generator|photo-or-memory|romantic-reveal","random/generator output","1","2","2","2","3","2"
"198","163","true","/heart-nebula-3d","LoveHeartNebula3DPage","10499","3","LoveHeartNebula3D","random-or-generator","no-grid|flex-layout|rounded-cards|gradient|single-media","single-interaction|local-state|random-output|motion-or-gesture","random-or-generator|letter-or-note|photo-or-memory|romantic-reveal","random/generator output","1","2","2","2","2","1"
"199","164","true","/sweet-confectionery-bakery","LoveSweetConfectioneryBakeryPage","10510","3","LoveSweetConfectioneryBakery","random-or-generator","grid|flex-layout|rounded-cards|solid|single-media","single-interaction|local-state|random-output|motion-or-gesture","random-or-generator|photo-or-memory|romantic-reveal","random/generator output","1","2","2","2","2","1"
"200","165","true","/love-story-comic-strip","LoveLoveStoryComicStripPage","10945","3","LoveLoveStoryComicStrip","random-or-generator","no-grid|flex-layout|rounded-cards|gradient|single-media","single-interaction|local-state|random-output|motion-or-gesture","random-or-generator|photo-or-memory|romantic-reveal","random/generator output","1","2","2","2","2","1"
"201","","false","/arcade-dance-machine","LoveArcadeDanceMachinePage","10349","3","LoveArcadeDanceMachine","arcade-or-catch","no-grid|flex-layout|rounded-cards|gradient|single-media","single-interaction|local-state|random-output|motion-or-gesture","arcade-or-catch|random-or-generator|photo-or-memory|romantic-reveal","random/generator output|arcade/catch mechanic","1","2","2","2","3","1"
"202","166","true","/enchanted-glass-terrarium","LoveEnchantedGlassTerrariumPage","10019","3","LoveEnchantedGlassTerrarium","random-or-generator","no-grid|flex-layout|rounded-cards|gradient|single-media","single-interaction|local-state|random-output|motion-or-gesture","random-or-generator|photo-or-memory|romantic-reveal","random/generator output","1","2","2","2","2","1"
"203","167","true","/bottle-ocean-3d","LoveMessageInABottleOceanPage","17912","3","LoveMessageInABottleOcean","random-or-generator","no-grid|flex-layout|rounded-cards|gradient|photo-led","several-buttons|local-state|random-output|motion-or-gesture","random-or-generator|letter-or-note|photo-or-memory|romantic-reveal","random/generator output","3","4","4","2","4","1"
"204","168","true","/couple-time-capsule-lockbox","LoveCoupleTimeCapsuleLockBoxPage","12576","3","LoveCoupleTimeCapsuleLockBox","random-or-generator","grid|flex-layout|rounded-cards|gradient|single-media","several-buttons|local-state|random-output|motion-or-gesture","random-or-generator|photo-or-memory|romantic-reveal","random/generator output","1","2","3","2","4","1"
"205","169","true","/sweet-heart-paper-craft","LoveSweetHeartPaperCraftPage","13286","3","LoveSweetHeartPaperCraft","random-or-generator","no-grid|flex-layout|rounded-cards|gradient|single-media","several-buttons|local-state|random-output|motion-or-gesture","random-or-generator|photo-or-memory|romantic-reveal","random/generator output","1","4","4","2","3","3"
"206","170","true","/love-wordle","LoveWordlePage","1392","1","page-specific JSX","puzzle","grid|simple-layout|flat-cards|solid|text-led","single-interaction|local-state|deterministic|motion-or-gesture","puzzle|romantic-reveal","single-action low-media page","0","1","1","0","1","1"
"207","171","true","/couple-escape-room","CoupleEscapeRoomPage","18688","3","CoupleEscapeRoom","random-or-generator","no-grid|flex-layout|rounded-cards|gradient|single-media","several-buttons|local-state|random-output|motion-or-gesture","random-or-generator|photo-or-memory|romantic-reveal","random/generator output","1","6","6","2","6","2"
"208","","false","/bhuntu-trivia-showdown","BhuntuTriviaShowdownPage","13740","3","BhuntuTriviaShowdown","quiz-or-question","grid|flex-layout|rounded-cards|solid|single-media","several-buttons|local-state|random-output|motion-or-gesture","quiz-or-question|random-or-generator|photo-or-memory","random/generator output","1","3","3","2","4","1"
"209","173","true","/love-pixel-art","LovePixelArtCreatorPage","13484","3","LovePixelArtCreator","draw-or-decorate","grid|flex-layout|rounded-cards|gradient|single-media","several-buttons|local-state|random-output|motion-or-gesture","draw-or-decorate|random-or-generator|photo-or-memory|builder-or-studio|romantic-reveal","random/generator output","1","5","5","3","4","1"
"210","174","true","/love-anagram-solver","LoveAnagramSolverPage","13402","3","LoveAnagramSolver","puzzle","no-grid|flex-layout|rounded-cards|solid|single-media","several-buttons|local-state|random-output|motion-or-gesture","puzzle|random-or-generator|letter-or-note|photo-or-memory|romantic-reveal","random/generator output","1","3","4","3","5","1"
"211","175","true","/love-photo-mosaic","LovePhotoMosaicBuilderPage","12711","3","LovePhotoMosaicBuilder","random-or-generator","grid|flex-layout|rounded-cards|gradient|single-media","several-buttons|local-state|random-output|motion-or-gesture","random-or-generator|photo-or-memory|builder-or-studio|romantic-reveal","random/generator output","1","4","4","2","3","1"
"212","176","true","/first-moments-timeline","FirstMomentsTimelinePage","16309","3","FirstMomentsTimeline","random-or-generator","no-grid|flex-layout|rounded-cards|gradient|single-media","several-buttons|local-state|random-output|motion-or-gesture","random-or-generator|journey-or-timeline|photo-or-memory","random/generator output","2","3","6","2","4","1"
"213","177","true","/memory-constellation","MemoryConstellationMapPage","17119","3","MemoryConstellationMap","random-or-generator","no-grid|flex-layout|rounded-cards|gradient|single-media","single-interaction|local-state|random-output|motion-or-gesture","random-or-generator|journey-or-timeline|photo-or-memory|romantic-reveal","random/generator output","1","1","2","2","4","1"
"214","178","true","/couple-yearbook","CoupleYearbookPage","10940","3","CoupleYearbook","random-or-generator","no-grid|flex-layout|rounded-cards|gradient|single-media","single-interaction|local-state|random-output|motion-or-gesture","random-or-generator|photo-or-memory","random/generator output","1","2","2","2","2","1"
"215","179","true","/love-letter-archive","LoveLetterArchivePage","13275","3","LoveLetterArchive","random-or-generator","grid|flex-layout|rounded-cards|solid|single-media","single-interaction|local-state|random-output|motion-or-gesture","random-or-generator|letter-or-note|photo-or-memory|romantic-reveal","random/generator output","1","2","2","2","3","4"
"216","180","true","/couple-soundtrack","CoupleSoundtrackPage","11063","3","CoupleSoundtrack","random-or-generator","no-grid|flex-layout|rounded-cards|solid|single-media","single-interaction|local-state|random-output|motion-or-gesture","random-or-generator|photo-or-memory","random/generator output","1","2","2","2","3","1"
"217","181","true","/love-spell-caster","LoveSpellCasterPage","13203","3","LoveSpellCaster","random-or-generator","grid|flex-layout|rounded-cards|gradient|single-media","several-buttons|local-state|random-output|motion-or-gesture","random-or-generator|photo-or-memory|romantic-reveal","random/generator output","1","4","4","2","3","1"
"218","182","true","/love-potion-lab","LovePotionLaboratoryPage","10915","3","LovePotionLaboratory","random-or-generator","no-grid|flex-layout|rounded-cards|gradient|single-media","several-buttons|local-state|random-output|motion-or-gesture","random-or-generator|photo-or-memory|builder-or-studio|romantic-reveal","random/generator output","1","3","3","2","2","1"
"219","183","true","/fairy-tale-generator","FairyTaleGeneratorPage","10800","3","FairyTaleGenerator","random-or-generator","no-grid|flex-layout|rounded-cards|gradient|single-media","single-interaction|local-state|random-output|motion-or-gesture","random-or-generator|photo-or-memory","random/generator output","1","2","2","2","2","1"
"220","184","true","/enchanted-crystal-ball","EnchantedCrystalBallPage","10386","3","EnchantedCrystalBall","random-or-generator","no-grid|flex-layout|rounded-cards|gradient|single-media","single-interaction|local-state|random-output|motion-or-gesture","random-or-generator|photo-or-memory|romantic-reveal","random/generator output","1","2","2","2","3","1"
"221","185","true","/dragon-princess-adventure","DragonPrincessAdventurePage","11805","3","DragonPrincessAdventure","random-or-generator","no-grid|flex-layout|rounded-cards|solid|single-media","several-buttons|local-state|random-output|motion-or-gesture","random-or-generator|photo-or-memory","random/generator output","1","3","3","2","3","1"
"222","186","true","/love-wizard-tower","LoveWizardTowerPage","12331","3","LoveWizardTower","random-or-generator","no-grid|flex-layout|rounded-cards|gradient|single-media","several-buttons|local-state|random-output|motion-or-gesture","random-or-generator|photo-or-memory|romantic-reveal","random/generator output","1","3","3","2","5","1"
"223","187","true","/love-graffiti-wall","LoveGraffitiWallPage","14452","3","LoveGraffitiWall","draw-or-decorate","no-grid|flex-layout|rounded-cards|gradient|single-media","several-buttons|local-state|random-output|motion-or-gesture","draw-or-decorate|random-or-generator|photo-or-memory|builder-or-studio|romantic-reveal","random/generator output","1","4","4","6","4","1"
"224","188","true","/love-neon-sign","LoveNeonSignDesignerPage","17819","2","LoveNeonSignDesigner","random-or-generator","grid|flex-layout|flat-cards|gradient|photo-led","several-buttons|local-state|random-output|motion-or-gesture","random-or-generator|photo-or-memory|romantic-reveal","random/generator output","5","4","4","2","6","0"
"225","189","true","/bhuntu-emoji-comic","BhuntuEmojiComicPage","17186","2","BhuntuEmojiComic","random-or-generator","no-grid|flex-layout|rounded-cards|gradient|single-media","many-buttons|local-state|random-output|motion-or-gesture","random-or-generator|photo-or-memory","random/generator output","2","10","10","1","4","4"
"226","190","true","/love-kaleidoscope","LoveKaleidoscopePage","14000","2","LoveKaleidoscope","random-or-generator","grid|flex-layout|rounded-cards|gradient|photo-led","several-buttons|local-state|random-output|tap-or-click","random-or-generator|photo-or-memory|romantic-reveal","random/generator output","6","6","5","1","4","0"
"227","191","true","/cherry-blossom-wish-tree","CherryBlossomWishTreePage","10153","3","CherryBlossomWishTree","random-or-generator","no-grid|flex-layout|rounded-cards|gradient|single-media","single-interaction|local-state|random-output|motion-or-gesture","random-or-generator|photo-or-memory|romantic-reveal","random/generator output","1","2","2","2","2","1"
"228","192","true","/love-advent-calendar","LoveAdventCalendarPage","10811","3","LoveAdventCalendar","random-or-generator","grid|flex-layout|rounded-cards|solid|single-media","single-interaction|local-state|random-output|motion-or-gesture","random-or-generator|photo-or-memory|romantic-reveal","random/generator output","1","2","2","2","2","1"
"229","193","true","/new-year-fireworks","NewYearLoveFireworksPage","10015","3","NewYearLoveFireworks","random-or-generator","no-grid|flex-layout|rounded-cards|gradient|single-media","single-interaction|local-state|random-output|motion-or-gesture","random-or-generator|photo-or-memory|romantic-reveal","random/generator output","1","2","2","2","2","1"
"230","194","true","/valentine-card-creator","ValentineCardCreatorPage","10881","3","ValentineCardCreator","random-or-generator","grid|flex-layout|rounded-cards|solid|single-media","single-interaction|local-state|random-output|motion-or-gesture","random-or-generator|photo-or-memory","random/generator output","1","2","2","2","2","1"
"231","195","true","/love-dated-calendar","LoveDatedCalendarPage","11131","3","LoveDatedCalendar","random-or-generator","grid|flex-layout|rounded-cards|solid|single-media","single-interaction|local-state|random-output|motion-or-gesture","random-or-generator|photo-or-memory|romantic-reveal","random/generator output","1","2","2","2","2","1"
"232","196","true","/fortune-cookie-love","FortuneCookieLovePage","11305","3","FortuneCookieLove","random-or-generator","no-grid|flex-layout|rounded-cards|gradient|single-media","several-buttons|local-state|random-output|motion-or-gesture","random-or-generator|photo-or-memory|romantic-reveal","random/generator output","1","3","4","2","3","1"
"233","197","true","/infinite-reasons","InfiniteReasonsMachinePage","17143","3","InfiniteReasonsMachine","random-or-generator","no-grid|flex-layout|rounded-cards|gradient|text-led","single-interaction|local-state|random-output|motion-or-gesture","random-or-generator|romantic-reveal","random/generator output","0","0","2","5","8","2"
"234","198","true","/love-awards-night","LoveAwardsNightPage","12826","3","LoveAwardsNight","random-or-generator","grid|flex-layout|rounded-cards|gradient|single-media","single-interaction|local-state|random-output|motion-or-gesture","random-or-generator|photo-or-memory|romantic-reveal","random/generator output","1","2","2","2","2","1"
"235","199","true","/four-seasons-of-love","FourSeasonsOfLovePage","11344","3","FourSeasonsOfLove","random-or-generator","grid|flex-layout|rounded-cards|solid|single-media","single-interaction|local-state|random-output|motion-or-gesture","random-or-generator|photo-or-memory|romantic-reveal","random/generator output","1","2","2","2","2","1"
"236","200","true","/couple-cookbook","CoupleCookbookPage","10353","3","CoupleCookbook","random-or-generator","no-grid|flex-layout|rounded-cards|gradient|single-media","single-interaction|local-state|random-output|motion-or-gesture","random-or-generator|photo-or-memory","random/generator output","1","2","2","2","2","1"
"237","201","true","/couple-bucket-list","CoupleBucketListPage","10388","3","CoupleBucketList","random-or-generator","no-grid|flex-layout|rounded-cards|gradient|single-media","single-interaction|local-state|random-output|motion-or-gesture","random-or-generator|photo-or-memory","random/generator output","1","2","2","2","2","1"
"238","202","true","/grand-love-universe","GrandLoveUniversePage","15766","3","GrandLoveUniverse","random-or-generator","no-grid|flex-layout|rounded-cards|gradient|single-media","several-buttons|local-state|random-output|motion-or-gesture","random-or-generator|photo-or-memory|romantic-reveal","random/generator output","1","1","3","2","4","3"
"239","203","true","/sanzu-photo-gallery","SanzuPhotoGalleryGridPage","13358","3","SanzuPhotoGalleryGrid","random-or-generator","no-grid|flex-layout|rounded-cards|gradient|single-media","many-buttons|local-state|random-output|motion-or-gesture","random-or-generator|photo-or-memory","random/generator output","2","5","9","2","2","1"
"240","204","true","/romantic-audio-player","RomanticAudioPlayerPage","13413","3","RomanticAudioPlayer","audio-or-music","grid|flex-layout|rounded-cards|gradient|single-media","several-buttons|local-state|random-output|motion-or-gesture","audio-or-music|random-or-generator|photo-or-memory","random/generator output","1","4","4","2","4","4"
"241","205","true","/love-memory-tree-3d","LoveMemoryTree3DPage","10007","3","LoveMemoryTree3D","random-or-generator","no-grid|flex-layout|rounded-cards|gradient|single-media","single-interaction|local-state|random-output|motion-or-gesture","random-or-generator|photo-or-memory|romantic-reveal","random/generator output","1","2","2","2","2","1"
"242","206","true","/nepalgunj-osaka-flight","NepalgunjToOsakaFlightSimPage","2327","1","page-specific JSX","romantic-reveal","grid|flex-layout|rounded-cards|solid|text-led","single-interaction|local-state|deterministic|tap-or-click","","","0","2","2","0","1","0"
"243","","false","/love-scratch-voucher-book","LoveScratchVoucherBookPage","11490","3","LoveScratchVoucherBook","random-or-generator","no-grid|flex-layout|rounded-cards|gradient|single-media","several-buttons|local-state|random-output|motion-or-gesture","random-or-generator|photo-or-memory|romantic-reveal","random/generator output","1","3","3","2","3","1"
"244","207","true","/bhuntu-voice-note-archive","BhuntuVoiceNoteArchivePage","11023","3","BhuntuVoiceNoteArchive","random-or-generator","no-grid|flex-layout|rounded-cards|solid|single-media","single-interaction|local-state|random-output|motion-or-gesture","random-or-generator|letter-or-note|photo-or-memory","random/generator output","1","2","2","2","3","1"
"245","208","true","/couple-milestone-map","CoupleMilestoneMapPage","11209","3","CoupleMilestoneMap","random-or-generator","grid|flex-layout|rounded-cards|solid|single-media","single-interaction|local-state|random-output|motion-or-gesture","random-or-generator|journey-or-timeline|photo-or-memory","random/generator output","1","2","2","2","2","1"
"246","","false","/birthday-sky-letter","BirthdaySkyLetterPage","2651","1","page-specific JSX","letter-or-note","grid|flex-layout|rounded-cards|solid|single-media","single-interaction|local-state|deterministic|tap-or-click","letter-or-note|photo-or-memory","","2","1","1","0","1","0"
"247","209","true","/romantic-petal-rain","RomanticPetalRainPage","10450","3","RomanticPetalRain","random-or-generator","no-grid|flex-layout|rounded-cards|gradient|single-media","single-interaction|local-state|random-output|motion-or-gesture","random-or-generator|photo-or-memory","random/generator output","1","2","2","2","2","1"
"248","210","true","/love-letter-popup-3d","LoveLetterPopUp3DPage","11429","3","LoveLetterPopUp3D","random-or-generator","no-grid|flex-layout|rounded-cards|gradient|single-media","several-buttons|local-state|random-output|motion-or-gesture","random-or-generator|letter-or-note|photo-or-memory|romantic-reveal","random/generator output","1","3","3","2","3","1"
"249","","false","/couple-quiz-master","CoupleQuizMasterPage","13507","3","CoupleQuizMaster","quiz-or-question","grid|flex-layout|rounded-cards|solid|single-media","several-buttons|local-state|random-output|motion-or-gesture","quiz-or-question|random-or-generator|photo-or-memory","random/generator output","1","3","3","2","4","1"
"250","211","true","/love-memory-film-strip","LoveMemoryFilmStripPage","16142","3","LoveMemoryFilmStrip","random-or-generator","no-grid|flex-layout|rounded-cards|gradient|single-media","several-buttons|local-state|random-output|motion-or-gesture","random-or-generator|photo-or-memory|romantic-reveal","random/generator output","1","5","5","3","3","1"
"251","212","true","/love-candlelight-dinner","LoveCandleLightDinnerPage","11124","3","LoveCandleLightDinner","random-or-generator","grid|flex-layout|rounded-cards|solid|single-media","single-interaction|local-state|random-output|motion-or-gesture","random-or-generator|photo-or-memory|romantic-reveal","random/generator output","1","2","2","2","2","1"
"252","213","true","/bhuntu-nicknames-galaxy","BhuntuNicknamesGalaxyPage","16634","3","BhuntuNicknamesGalaxy","random-or-generator","no-grid|flex-layout|rounded-cards|gradient|single-media","several-buttons|local-state|random-output|motion-or-gesture","random-or-generator|letter-or-note|photo-or-memory","random/generator output","1","2","3","2","3","3"
"253","214","true","/love-fortune-cookie-jar","LoveFortuneCookieJarPage","18024","3","LoveFortuneCookieJar","random-or-generator","no-grid|flex-layout|rounded-cards|gradient|single-media","several-buttons|local-state|random-output|motion-or-gesture","random-or-generator|photo-or-memory|romantic-reveal","random/generator output","1","0","4","3","5","4"
"254","215","true","/couple-bucket-list-globe","CoupleBucketListGlobePage","17870","3","CoupleBucketListGlobe","random-or-generator","grid|flex-layout|rounded-cards|gradient|single-media","several-buttons|local-state|random-output|motion-or-gesture","random-or-generator|letter-or-note|photo-or-memory|romantic-reveal","random/generator output","1","3","4","2","3","3"
"255","216","true","/love-audio-visualizer-2","LoveAudioVisualizer2Page","11011","3","LoveAudioVisualizer2","audio-or-music","grid|flex-layout|rounded-cards|solid|single-media","single-interaction|local-state|random-output|motion-or-gesture","audio-or-music|random-or-generator|photo-or-memory|romantic-reveal","random/generator output","1","2","2","2","2","1"
"256","217","true","/romantic-photo-slider-3d","RomanticPhotoSlider3DPage","15750","3","RomanticPhotoSlider3D","random-or-generator","no-grid|flex-layout|rounded-cards|gradient|single-media","several-buttons|local-state|random-output|motion-or-gesture","random-or-generator|photo-or-memory","random/generator output","1","1","4","3","4","5"
"257","","false","/bhuntu-emoji-arcade","BhuntuEmojiArcadePage","18810","3","BhuntuEmojiArcade","arcade-or-catch","no-grid|flex-layout|rounded-cards|gradient|single-media","several-buttons|local-state|random-output|motion-or-gesture","arcade-or-catch|random-or-generator|photo-or-memory|romantic-reveal","random/generator output|arcade/catch mechanic","1","2","3","8","11","3"
"258","218","true","/love-stamp-collection","LoveStampCollectionPage","12812","3","LoveStampCollection","random-or-generator","grid|flex-layout|rounded-cards|solid|single-media","single-interaction|local-state|random-output|motion-or-gesture","random-or-generator|photo-or-memory|romantic-reveal","random/generator output","1","2","2","2","3","2"
"259","219","true","/romantic-night-skywriter","RomanticNightSkyWriterPage","13025","3","RomanticNightSkyWriter","draw-or-decorate","grid|flex-layout|rounded-cards|gradient|single-media","several-buttons|local-state|random-output|motion-or-gesture","draw-or-decorate|random-or-generator|photo-or-memory","random/generator output","1","4","4","2","3","1"
"260","220","true","/couple-recipe-book","CoupleRecipeBookPage","13669","3","CoupleRecipeBook","random-or-generator","grid|flex-layout|rounded-cards|gradient|single-media","several-buttons|local-state|random-output|motion-or-gesture","random-or-generator|photo-or-memory","random/generator output","1","4","4","2","4","2"
"261","221","true","/love-constellation-maker","LoveConstellationMakerPage","13857","3","LoveConstellationMaker","random-or-generator","grid|flex-layout|rounded-cards|gradient|single-media","several-buttons|local-state|random-output|motion-or-gesture","random-or-generator|photo-or-memory|romantic-reveal","random/generator output","1","3","3","2","4","1"
"262","222","true","/bhuntu-love-polaroids","BhuntuLovePolaroidsPage","10821","3","BhuntuLovePolaroids","random-or-generator","no-grid|flex-layout|rounded-cards|gradient|single-media","single-interaction|local-state|random-output|motion-or-gesture","random-or-generator|photo-or-memory|romantic-reveal","random/generator output","1","2","2","2","2","1"
"263","223","true","/love-tarot-oracle-2","LoveTarotOracle2Page","12938","3","LoveTarotOracle2","flip-or-match","grid|flex-layout|rounded-cards|gradient|single-media","several-buttons|local-state|random-output|motion-or-gesture","flip-or-match|random-or-generator|photo-or-memory|romantic-reveal","flip/match mechanic|random/generator output","1","2","3","6","2","1"
"264","224","true","/romantic-locket-changer","RomanticLocketChangerPage","12722","3","RomanticLocketChanger","random-or-generator","grid|flex-layout|rounded-cards|gradient|single-media","several-buttons|local-state|random-output|motion-or-gesture","random-or-generator|photo-or-memory|romantic-reveal","random/generator output","1","3","4","2","3","3"
"265","","false","/love-crossword-puzzle","LoveCrosswordPuzzlePage","13239","3","LoveCrosswordPuzzle","puzzle","grid|flex-layout|rounded-cards|gradient|single-media","several-buttons|local-state|random-output|motion-or-gesture","puzzle|random-or-generator|letter-or-note|photo-or-memory|romantic-reveal","random/generator output","1","3","3","2","3","1"
"266","225","true","/couple-movie-marathon","CoupleMovieMarathonPage","13102","3","CoupleMovieMarathon","random-or-generator","grid|flex-layout|rounded-cards|gradient|single-media","several-buttons|local-state|random-output|motion-or-gesture","random-or-generator|photo-or-memory","random/generator output","1","3","3","2","4","1"
"267","226","true","/love-language-test","LoveLanguageTestPage","11058","3","LoveLanguageTest","random-or-generator","grid|flex-layout|rounded-cards|solid|single-media","single-interaction|local-state|random-output|motion-or-gesture","random-or-generator|photo-or-memory|romantic-reveal","random/generator output","1","2","2","2","2","1"
"268","","false","/bhuntu-personality-quiz","BhuntuPersonalityQuizPage","11089","3","BhuntuPersonalityQuiz","quiz-or-question","grid|flex-layout|rounded-cards|solid|single-media","single-interaction|local-state|random-output|motion-or-gesture","quiz-or-question|random-or-generator|photo-or-memory","random/generator output","1","2","2","2","2","1"
"269","227","true","/love-potion-brewery-2","LovePotionBrewery2Page","11061","3","LovePotionBrewery2","random-or-generator","grid|flex-layout|rounded-cards|solid|single-media","single-interaction|local-state|random-output|motion-or-gesture","random-or-generator|photo-or-memory|romantic-reveal","random/generator output","1","2","2","2","2","1"
"270","228","true","/romantic-message-grid","RomanticMessageGridPage","10673","3","RomanticMessageGrid","random-or-generator","no-grid|flex-layout|rounded-cards|gradient|single-media","single-interaction|local-state|random-output|motion-or-gesture","random-or-generator|letter-or-note|photo-or-memory","random/generator output","1","2","2","2","2","1"
"271","229","true","/couple-anniversary-clock","CoupleAnniversaryClockPage","11049","3","CoupleAnniversaryClock","random-or-generator","grid|flex-layout|rounded-cards|solid|single-media","single-interaction|local-state|random-output|motion-or-gesture","random-or-generator|photo-or-memory","random/generator output","1","2","2","2","2","1"
"272","230","true","/love-doodle-canvas","LoveDoodleCanvasPage","1742","1","page-specific JSX","draw-or-decorate","grid|simple-layout|flat-cards|solid|text-led","single-interaction|local-state|deterministic|tap-or-click","draw-or-decorate|romantic-reveal","","0","1","2","0","1","0"
"273","231","true","/bhuntu-comic-strip-2","BhuntuComicStrip2Page","11139","3","BhuntuComicStrip2","random-or-generator","grid|flex-layout|rounded-cards|solid|single-media","single-interaction|local-state|random-output|motion-or-gesture","random-or-generator|photo-or-memory","random/generator output","1","2","2","2","2","1"
"274","","false","/love-rhythm-drum-pad","LoveRhythmDrumPadPage","10985","3","LoveRhythmDrumPad","audio-or-music","grid|flex-layout|rounded-cards|solid|single-media","single-interaction|local-state|random-output|motion-or-gesture","audio-or-music|random-or-generator|photo-or-memory|romantic-reveal","random/generator output","1","2","2","2","2","1"
"275","232","true","/romantic-flower-garden","RomanticFlowerGardenPage","11004","3","RomanticFlowerGarden","random-or-generator","grid|flex-layout|rounded-cards|solid|single-media","single-interaction|local-state|random-output|motion-or-gesture","random-or-generator|photo-or-memory","random/generator output","1","2","2","2","2","1"
"276","233","true","/love-wish-bottle-ocean","LoveWishBottleOceanPage","10999","3","LoveWishBottleOcean","random-or-generator","grid|flex-layout|rounded-cards|solid|single-media","single-interaction|local-state|random-output|motion-or-gesture","random-or-generator|letter-or-note|photo-or-memory|romantic-reveal","random/generator output","1","2","2","2","2","1"
"277","234","true","/couple-superlatives","CoupleSuperlativesPage","11212","3","CoupleSuperlatives","random-or-generator","grid|flex-layout|rounded-cards|solid|single-media","single-interaction|local-state|random-output|motion-or-gesture","random-or-generator|photo-or-memory|romantic-reveal","random/generator output","1","2","2","2","2","1"
"278","235","true","/love-memory-cube-3d","LoveMemoryCube3DPage","14907","3","LoveMemoryCube3D","random-or-generator","grid|flex-layout|rounded-cards|gradient|single-media","single-interaction|local-state|random-output|motion-or-gesture","random-or-generator|journey-or-timeline|photo-or-memory|romantic-reveal","random/generator output","1","2","2","2","3","13"
"279","","false","/little-things-abu-notices","LittleThingsPage","2658","1","page-specific JSX","letter-or-note","grid|simple-layout|rounded-cards|solid|single-media","single-interaction|local-state|deterministic|tap-or-click","letter-or-note|photo-or-memory","","1","1","1","0","1","0"
"280","236","true","/love-envelope-collection","LoveEnvelopeCollectionPage","11513","3","LoveEnvelopeCollection","random-or-generator","no-grid|flex-layout|rounded-cards|gradient|single-media","several-buttons|local-state|random-output|motion-or-gesture","random-or-generator|letter-or-note|photo-or-memory|romantic-reveal","random/generator output","1","3","3","2","3","1"
"281","237","true","/romantic-music-box-2","RomanticMusicBox2Page","11437","3","RomanticMusicBox2","audio-or-music","no-grid|flex-layout|rounded-cards|gradient|single-media","several-buttons|local-state|random-output|motion-or-gesture","audio-or-music|random-or-generator|photo-or-memory","random/generator output","1","3","3","2","3","1"
"282","238","true","/couple-future-home-3d","CoupleFutureHome3DPage","11000","3","CoupleFutureHome3D","random-or-generator","grid|flex-layout|rounded-cards|solid|single-media","single-interaction|local-state|random-output|motion-or-gesture","random-or-generator|photo-or-memory","random/generator output","1","2","2","2","2","1"
"283","239","true","/love-neon-sign-gallery","LoveNeonSignGalleryPage","10940","3","LoveNeonSignGallery","random-or-generator","grid|flex-layout|rounded-cards|solid|single-media","single-interaction|local-state|random-output|motion-or-gesture","random-or-generator|photo-or-memory|romantic-reveal","random/generator output","1","2","2","2","2","1"
"284","240","true","/bhuntu-photo-mosaic-2","BhuntuPhotoMosaic2Page","11058","3","BhuntuPhotoMosaic2","random-or-generator","grid|flex-layout|rounded-cards|solid|single-media","single-interaction|local-state|random-output|motion-or-gesture","random-or-generator|photo-or-memory","random/generator output","1","2","2","2","2","1"
"285","244","true","/love-tetris-block-puzzle","LoveTetrisBlockPuzzlePage","1712","1","page-specific JSX","puzzle","grid|simple-layout|flat-cards|solid|text-led","single-interaction|local-state|deterministic|tap-or-click","puzzle|romantic-reveal","single-action low-media page","0","1","1","0","1","0"
"286","241","true","/couple-relationship-cert","CoupleRelationshipCertPage","11124","3","CoupleRelationshipCert","random-or-generator","grid|flex-layout|rounded-cards|solid|single-media","single-interaction|local-state|random-output|motion-or-gesture","random-or-generator|photo-or-memory","random/generator output","1","2","2","2","2","1"
"287","242","true","/grand-love-galaxy-3d","GrandLoveGalaxy3DPage","11842","3","GrandLoveGalaxy3D","random-or-generator","grid|flex-layout|rounded-cards|gradient|single-media","single-interaction|local-state|random-output|motion-or-gesture","random-or-generator|letter-or-note|photo-or-memory|romantic-reveal","random/generator output","1","2","2","2","3","1"
"288","","false","/love-memory-match-3d","LoveMemoryMatch3DPage","2714","1","page-specific JSX","flip-or-match","grid|flex-layout|rounded-cards|solid|single-media","single-interaction|local-state|deterministic|motion-or-gesture","flip-or-match|photo-or-memory|romantic-reveal","flip/match mechanic","1","2","2","0","1","2"
"289","","false","/love-scratch-off-gallery-2","LoveScratchOffGallerySecondPage","2223","1","page-specific JSX","scratch-reveal","grid|simple-layout|rounded-cards|solid|single-media","single-interaction|local-state|deterministic|tap-or-click","scratch-reveal|photo-or-memory|romantic-reveal","scratch/foil mechanic","1","1","1","0","1","0"
"290","245","true","/love-letter-archive-vault","LoveLetterArchiveVaultPage","2282","1","page-specific JSX","letter-or-note","grid|flex-layout|rounded-cards|solid|single-media","single-interaction|local-state|deterministic|tap-or-click","letter-or-note|photo-or-memory|romantic-reveal","","1","1","1","0","1","0"
"291","246","true","/love-spell-caster-studio","LoveSpellCasterStudioPage","2415","1","page-specific JSX","photo-or-memory","grid|simple-layout|rounded-cards|solid|single-media","single-interaction|local-state|deterministic|tap-or-click","photo-or-memory|builder-or-studio|romantic-reveal","","1","1","1","0","1","0"
"292","247","true","/love-potion-lab-2","LovePotionLab2Page","2841","1","page-specific JSX","photo-or-memory","grid|flex-layout|rounded-cards|solid|single-media","single-interaction|local-state|deterministic|tap-or-click","photo-or-memory|builder-or-studio|romantic-reveal","","1","1","1","0","1","0"
"293","248","true","/couple-milestone-map-2","CoupleMilestoneMap2Page","2480","1","page-specific JSX","journey-or-timeline","grid|flex-layout|rounded-cards|solid|single-media","single-interaction|local-state|deterministic|tap-or-click","journey-or-timeline|photo-or-memory","","1","1","1","0","1","0"
"294","249","true","/secret-vault-2","SecretVaultSecondPage","2067","1","page-specific JSX","photo-or-memory","grid|simple-layout|flat-cards|solid|single-media","single-interaction|local-state|deterministic|tap-or-click","photo-or-memory","","1","1","1","0","1","0"
"295","250","true","/love-grand-finale-2","LoveGrandFinaleSecondPage","2390","1","page-specific JSX","photo-or-memory","grid|simple-layout|flat-cards|gradient|single-media","single-interaction|local-state|deterministic|tap-or-click","photo-or-memory|romantic-reveal","","1","1","1","0","1","0"
"296","251","true","/future-house-builder-2","FutureHouseBuilderSecondPage","2393","1","page-specific JSX","photo-or-memory","grid|simple-layout|flat-cards|solid|single-media","single-interaction|local-state|deterministic|tap-or-click","photo-or-memory|builder-or-studio","","1","1","1","0","1","0"
"297","252","true","/ultimate-300th-love-coronation","Ultimate300thLoveCoronationPage","11830","3","Ultimate300thLoveCoronation","random-or-generator","no-grid|flex-layout|rounded-cards|gradient|single-media","several-buttons|local-state|random-output|motion-or-gesture","random-or-generator|photo-or-memory|romantic-reveal","random/generator output","1","3","3","2","3","1"
"298","253","true","/hall-of-fame","HallOfFamePage","14401","3","HallOfFame","random-or-generator","grid|flex-layout|rounded-cards|gradient|single-media","several-buttons|local-state|random-output|motion-or-gesture","random-or-generator|photo-or-memory","random/generator output","2","4","4","1","2","1"
"299","","false","/bonus-arcade","BonusArcadePage","9503","2","WorldShell","flip-or-match","grid|flex-layout|rounded-cards|solid|text-led","single-interaction|static|deterministic|motion-or-gesture","flip-or-match|arcade-or-catch","flip/match mechanic|arcade/catch mechanic|single-action low-media page","0","0","1","0","0","1"
"300","","false","/room/1","Room1Page","8631","2","LoveScratchCard","scratch-reveal","no-grid|flex-layout|flat-cards|gradient|text-led","single-interaction|local-state|random-output|tap-or-click","scratch-reveal|random-or-generator","scratch/foil mechanic|random/generator output","0","2","2","1","3","0"
"301","254","true","/room/2","Room2Page","1475","1","page-specific JSX","romantic-reveal","no-grid|simple-layout|flat-cards|solid|text-led","single-interaction|local-state|deterministic|tap-or-click","","single-action low-media page","0","1","1","0","1","0"
"302","255","true","/room/3","Room3Page","1606","1","page-specific JSX","photo-or-memory","grid|simple-layout|flat-cards|solid|single-media","single-interaction|local-state|deterministic|tap-or-click","photo-or-memory","","2","1","1","0","1","0"
"303","","false","/room/4","Room4Page","1600","1","page-specific JSX","romantic-reveal","grid|simple-layout|flat-cards|solid|text-led","single-interaction|local-state|deterministic|tap-or-click","","","0","2","2","0","1","0"
"304","256","true","/room/5","Room5Page","1579","1","page-specific JSX","romantic-reveal","no-grid|simple-layout|flat-cards|solid|text-led","single-interaction|local-state|deterministic|tap-or-click","","","0","2","2","0","1","0"
"305","257","true","/room/6","Room6Page","1529","1","page-specific JSX","romantic-reveal","grid|simple-layout|flat-cards|solid|text-led","single-interaction|local-state|deterministic|tap-or-click","","single-action low-media page","0","1","1","0","1","0"
"306","258","true","/room/7","Room7Page","1573","1","page-specific JSX","letter-or-note","no-grid|simple-layout|flat-cards|solid|text-led","single-interaction|local-state|deterministic|tap-or-click","letter-or-note","single-action low-media page","0","1","1","0","1","0"
"307","259","true","/room/8","Room8Page","1518","1","page-specific JSX","romantic-reveal","grid|simple-layout|flat-cards|solid|text-led","single-interaction|local-state|deterministic|tap-or-click","","single-action low-media page","0","1","1","0","1","0"
"308","260","true","/room/9","Room9Page","1370","1","page-specific JSX","romantic-reveal","grid|simple-layout|flat-cards|solid|text-led","single-interaction|local-state|deterministic|tap-or-click","","single-action low-media page","0","1","1","0","1","0"
"309","261","true","/room/10","Room10Page","1409","1","page-specific JSX","romantic-reveal","no-grid|simple-layout|flat-cards|solid|text-led","single-interaction|local-state|deterministic|tap-or-click","","single-action low-media page","0","1","1","0","1","0"
"310","262","true","/room/11","Room11Page","1359","1","page-specific JSX","romantic-reveal","grid|simple-layout|flat-cards|solid|text-led","single-interaction|local-state|deterministic|tap-or-click","","single-action low-media page","0","1","1","0","1","0"
"311","263","true","/room/12","Room12Page","1385","1","page-specific JSX","photo-or-memory","no-grid|simple-layout|flat-cards|gradient|single-media","single-interaction|local-state|deterministic|tap-or-click","photo-or-memory","","1","1","1","0","1","0"
