priority,page_number,slug,title,current_component,required_unique_component,reason,status
P0,002,anniversary-countdown-clock,Anniversary Countdown Clock,page-local,BespokeAnniversaryCountdownClockScene,Shared implementation group of 212 pages,not-started
P0,004,bento-box,Bento Box,page-local,BespokeBentoBoxScene,Shared implementation group of 212 pages,not-started
P0,005,bhuntu-comic-strip2,Bhuntu Comic Strip2,page-local,BespokeBhuntuComicStrip2Scene,Shared implementation group of 212 pages,not-started
P0,006,bhuntu-emoji-arcade,Bhuntu Emoji Arcade,page-local,BespokeBhuntuEmojiArcadeScene,Shared implementation group of 212 pages,not-started
P0,007,bhuntu-emoji-comic,Bhuntu Emoji Comic,page-local,BespokeBhuntuEmojiComicScene,Shared implementation group of 212 pages,not-started
P0,009,bhuntu-nicknames-galaxy,Bhuntu Nicknames Galaxy,page-local,BespokeBhuntuNicknamesGalaxyScene,Shared implementation group of 212 pages,not-started
P0,010,bhuntu-personality-quiz,Bhuntu Personality Quiz,page-local,BespokeBhuntuPersonalityQuizScene,Shared implementation group of 212 pages,not-started
P0,011,bhuntu-photo-mosaic2,Bhuntu Photo Mosaic2,page-local,BespokeBhuntuPhotoMosaic2Scene,Shared implementation group of 212 pages,not-started
P1,013,bhuntu-trivia-wheel,Bhuntu Trivia Wheel,page-local,BespokeBhuntuTriviaWheelScene,Shared implementation group of 212 pages,not-started
P1,015,birthday-sky-letter,Birthday Sky Letter,page-local,BespokeBirthdaySkyLetterScene,Shared implementation group of 212 pages,not-started
P1,016,birthday-time-capsule2,Birthday Time Capsule2,page-local,BespokeBirthdayTimeCapsule2Scene,Shared implementation group of 212 pages,not-started
P1,017,birthday-wish-letter,Birthday Wish Letter,page-local,BespokeBirthdayWishLetterScene,Shared implementation group of 212 pages,not-started
P1,018,blessing-tree,Blessing Tree,page-local,BespokeBlessingTreeScene,Shared implementation group of 212 pages,not-started
P1,019,bonus-arcade,Bonus Arcade,page-local,BespokeBonusArcadeScene,Shared implementation group of 212 pages,not-started
P1,022,bouquet-reasons,Bouquet Reasons,page-local,BespokeBouquetReasonsScene,Shared implementation group of 212 pages,not-started
P1,024,bubble-wrap,Bubble Wrap,page-local,BespokeBubbleWrapScene,Shared implementation group of 212 pages,not-started
P1,025,bucket-list,Bucket List,page-local,BespokeBucketListScene,Shared implementation group of 212 pages,not-started
P1,026,candle-blower,Candle Blower,page-local,BespokeCandleBlowerScene,Shared implementation group of 212 pages,not-started
P1,028,cherry-blossom-wish-tree,Cherry Blossom Wish Tree,page-local,BespokeCherryBlossomWishTreeScene,Shared implementation group of 212 pages,not-started
P1,029,cloud-skywriter,Cloud Skywriter,page-local,BespokeCloudSkywriterScene,Shared implementation group of 212 pages,not-started
P1,030,compliment-jar,Compliment Jar,page-local,BespokeComplimentJarScene,Shared implementation group of 212 pages,not-started
P1,031,cooking-game,Cooking Game,page-local,BespokeCookingGameScene,Shared implementation group of 212 pages,not-started
P1,032,couple-anniversary-clock,Couple Anniversary Clock,page-local,BespokeCoupleAnniversaryClockScene,Shared implementation group of 212 pages,not-started
P1,033,couple-anniversary-timeline,Couple Anniversary Timeline,page-local,BespokeCoupleAnniversaryTimelineScene,Shared implementation group of 212 pages,not-started
P1,034,couple-bingo,Couple Bingo,page-local,BespokeCoupleBingoScene,Shared implementation group of 212 pages,not-started
P1,035,couple-bucket-list2,Couple Bucket List2,page-local,BespokeCoupleBucketList2Scene,Shared implementation group of 212 pages,not-started
P1,036,couple-bucket-list-globe,Couple Bucket List Globe,page-local,BespokeCoupleBucketListGlobeScene,Shared implementation group of 212 pages,not-started
P1,037,couple-bucket-list,Couple Bucket List,page-local,BespokeCoupleBucketListScene,Shared implementation group of 212 pages,not-started
P1,038,couple-bucket-list-spinner,Couple Bucket List Spinner,page-local,BespokeCoupleBucketListSpinnerScene,Shared implementation group of 212 pages,not-started
P1,039,couple-cookbook,Couple Cookbook,page-local,BespokeCoupleCookbookScene,Shared implementation group of 212 pages,not-started
P1,040,couple-daily-horoscope,Couple Daily Horoscope,page-local,BespokeCoupleDailyHoroscopeScene,Shared implementation group of 212 pages,not-started
P1,041,couple-escape-room,Couple Escape Room,page-local,BespokeCoupleEscapeRoomScene,Shared implementation group of 212 pages,not-started
P1,042,couple-future-home3-d,Couple Future Home3 D,page-local,BespokeCoupleFutureHome3DScene,Shared implementation group of 212 pages,not-started
P1,043,couple-milestone-map2,Couple Milestone Map2,page-local,BespokeCoupleMilestoneMap2Scene,Shared implementation group of 212 pages,not-started
P1,044,couple-milestone-map,Couple Milestone Map,page-local,BespokeCoupleMilestoneMapScene,Shared implementation group of 212 pages,not-started
P1,045,couple-movie-marathon,Couple Movie Marathon,page-local,BespokeCoupleMovieMarathonScene,Shared implementation group of 212 pages,not-started
P1,046,couple-movie-night,Couple Movie Night,page-local,BespokeCoupleMovieNightScene,Shared implementation group of 212 pages,not-started
P1,047,couple-nickname-generator,Couple Nickname Generator,page-local,BespokeCoupleNicknameGeneratorScene,Shared implementation group of 212 pages,not-started
P1,048,couple-questions-deep,Couple Questions Deep,page-local,BespokeCoupleQuestionsDeepScene,Shared implementation group of 212 pages,not-started
P1,049,couple-quiz2,Couple Quiz2,page-local,BespokeCoupleQuiz2Scene,Shared implementation group of 212 pages,not-started
P1,050,couple-quiz-master,Couple Quiz Master,page-local,BespokeCoupleQuizMasterScene,Shared implementation group of 212 pages,not-started
P1,051,couple-recipe-book,Couple Recipe Book,page-local,BespokeCoupleRecipeBookScene,Shared implementation group of 212 pages,not-started
P1,052,couple-relationship-cert,Couple Relationship Cert,page-local,BespokeCoupleRelationshipCertScene,Shared implementation group of 212 pages,not-started
P1,053,couple-soundtrack,Couple Soundtrack,page-local,BespokeCoupleSoundtrackScene,Shared implementation group of 212 pages,not-started
P1,054,couple-starry-planetarium,Couple Starry Planetarium,page-local,BespokeCoupleStarryPlanetariumScene,Shared implementation group of 212 pages,not-started
P1,055,couple-superlatives,Couple Superlatives,page-local,BespokeCoupleSuperlativesScene,Shared implementation group of 212 pages,not-started
P1,056,couple-travel-passport-stamps,Couple Travel Passport Stamps,page-local,BespokeCoupleTravelPassportStampsScene,Shared implementation group of 212 pages,not-started
P1,057,couple-yearbook,Couple Yearbook,page-local,BespokeCoupleYearbookScene,Shared implementation group of 212 pages,not-started
P1,058,couples-secret-handshake,Couples Secret Handshake,page-local,BespokeCouplesSecretHandshakeScene,Shared implementation group of 212 pages,not-started
P1,059,coupon-vault,Coupon Vault,page-local,BespokeCouponVaultScene,Shared implementation group of 212 pages,not-started
P1,060,cupcake-decorator,Cupcake Decorator,page-local,BespokeCupcakeDecoratorScene,Shared implementation group of 212 pages,not-started
P1,061,cupid-archery,Cupid Archery,page-local,BespokeCupidArcheryScene,Shared implementation group of 212 pages,not-started
P1,062,cupid-radio-djstation,Cupid Radio DJStation,page-local,BespokeCupidRadioDjstationScene,Shared implementation group of 212 pages,not-started
P1,063,curated-journey,Curated Journey,page-local,BespokeCuratedJourneyScene,Shared implementation group of 212 pages,not-started
P1,065,dragon-princess-adventure,Dragon Princess Adventure,page-local,BespokeDragonPrincessAdventureScene,Shared implementation group of 212 pages,not-started
P1,066,emoji-art-canvas,Emoji Art Canvas,page-local,BespokeEmojiArtCanvasScene,Shared implementation group of 212 pages,not-started
P1,068,enchanted-crystal-ball,Enchanted Crystal Ball,page-local,BespokeEnchantedCrystalBallScene,Shared implementation group of 212 pages,not-started
P1,069,enchanted-rose-garden,Enchanted Rose Garden,page-local,BespokeEnchantedRoseGardenScene,Shared implementation group of 212 pages,not-started
P1,070,fairy-tale-generator,Fairy Tale Generator,page-local,BespokeFairyTaleGeneratorScene,Shared implementation group of 212 pages,not-started
P1,071,ferris-wheel,Ferris Wheel,page-local,BespokeFerrisWheelScene,Shared implementation group of 212 pages,not-started
P1,072,firework-maker,Firework Maker,page-local,BespokeFireworkMakerScene,Shared implementation group of 212 pages,not-started
P1,073,fireworks,Fireworks,page-local,BespokeFireworksScene,Shared implementation group of 212 pages,not-started
P1,075,fortune-cookie-love,Fortune Cookie Love,page-local,BespokeFortuneCookieLoveScene,Shared implementation group of 212 pages,not-started
P1,077,four-seasons-of-love,Four Seasons Of Love,page-local,BespokeFourSeasonsOfLoveScene,Shared implementation group of 212 pages,not-started
P1,078,future-house-builder,Future House Builder,page-local,BespokeFutureHouseBuilderScene,Shared implementation group of 212 pages,not-started
P1,079,future-house-builder-second,Future House Builder Second,page-local,BespokeFutureHouseBuilderSecondScene,Shared implementation group of 212 pages,not-started
P1,080,future-night-ride,Future Night Ride,page-local,BespokeFutureNightRideScene,Shared implementation group of 212 pages,not-started
P1,082,grand-love-galaxy3-d,Grand Love Galaxy3 D,page-local,BespokeGrandLoveGalaxy3DScene,Shared implementation group of 212 pages,not-started
P1,083,grand-love-universe,Grand Love Universe,page-local,BespokeGrandLoveUniverseScene,Shared implementation group of 212 pages,not-started
P1,085,heart-bubble-tea-maker,Heart Bubble Tea Maker,page-local,BespokeHeartBubbleTeaMakerScene,Shared implementation group of 212 pages,not-started
P1,086,heart-mailbox,Heart Mailbox,page-local,BespokeHeartMailboxScene,Shared implementation group of 212 pages,not-started
P1,087,heart-shape-tangram,Heart Shape Tangram,page-local,BespokeHeartShapeTangramScene,Shared implementation group of 212 pages,not-started
P1,088,heartbeat-drum-pad,Heartbeat Drum Pad,page-local,BespokeHeartbeatDrumPadScene,Shared implementation group of 212 pages,not-started
P1,089,home,Home,page-local,BespokeHomeScene,Shared implementation group of 212 pages,not-started
P1,090,horoscope,Horoscope,page-local,BespokeHoroscopeScene,Shared implementation group of 212 pages,not-started
P1,092,infinite-reasons-machine,Infinite Reasons Machine,page-local,BespokeInfiniteReasonsMachineScene,Shared implementation group of 212 pages,not-started
P1,094,kiss-collector,Kiss Collector,page-local,BespokeKissCollectorScene,Shared implementation group of 212 pages,not-started
P1,095,lanterns,Lanterns,page-local,BespokeLanternsScene,Shared implementation group of 212 pages,not-started
P1,097,letter-tonight,Letter Tonight,page-local,BespokeLetterTonightScene,Shared implementation group of 212 pages,not-started
P1,098,little-things,Little Things,page-local,BespokeLittleThingsScene,Shared implementation group of 212 pages,not-started
P1,099,love-achievement-badges,Love Achievement Badges,page-local,BespokeLoveAchievementBadgesScene,Shared implementation group of 212 pages,not-started
P1,100,love-advent-calendar,Love Advent Calendar,page-local,BespokeLoveAdventCalendarScene,Shared implementation group of 212 pages,not-started
P1,101,love-alarm,Love Alarm,page-local,BespokeLoveAlarmScene,Shared implementation group of 212 pages,not-started
P1,102,love-anagram-solver,Love Anagram Solver,page-local,BespokeLoveAnagramSolverScene,Shared implementation group of 212 pages,not-started
P1,103,love-aquarium,Love Aquarium,page-local,BespokeLoveAquariumScene,Shared implementation group of 212 pages,not-started
P1,104,love-arcade-dance-machine,Love Arcade Dance Machine,page-local,BespokeLoveArcadeDanceMachineScene,Shared implementation group of 212 pages,not-started
P1,105,love-audio-visualizer2,Love Audio Visualizer2,page-local,BespokeLoveAudioVisualizer2Scene,Shared implementation group of 212 pages,not-started
P1,107,love-awards-night,Love Awards Night,page-local,BespokeLoveAwardsNightScene,Shared implementation group of 212 pages,not-started
P1,108,love-butterfly-catcher,Love Butterfly Catcher,page-local,BespokeLoveButterflyCatcherScene,Shared implementation group of 212 pages,not-started
P1,110,love-candle-light-dinner,Love Candle Light Dinner,page-local,BespokeLoveCandleLightDinnerScene,Shared implementation group of 212 pages,not-started
P1,111,love-chimes,Love Chimes,page-local,BespokeLoveChimesScene,Shared implementation group of 212 pages,not-started
P1,112,love-clock,Love Clock,page-local,BespokeLoveClockScene,Shared implementation group of 212 pages,not-started
P1,113,love-compass,Love Compass,page-local,BespokeLoveCompassScene,Shared implementation group of 212 pages,not-started
P1,114,love-compatibility-matrix,Love Compatibility Matrix,page-local,BespokeLoveCompatibilityMatrixScene,Shared implementation group of 212 pages,not-started
P1,116,love-constellation-maker,Love Constellation Maker,page-local,BespokeLoveConstellationMakerScene,Shared implementation group of 212 pages,not-started
P1,117,love-constellation-painter,Love Constellation Painter,page-local,BespokeLoveConstellationPainterScene,Shared implementation group of 212 pages,not-started
P1,118,love-constellation-stargazer,Love Constellation Stargazer,page-local,BespokeLoveConstellationStargazerScene,Shared implementation group of 212 pages,not-started
P1,120,love-couple-time-capsule-lock-box,Love Couple Time Capsule Lock Box,page-local,BespokeLoveCoupleTimeCapsuleLockBoxScene,Shared implementation group of 212 pages,not-started
P1,122,love-crossword,Love Crossword,page-local,BespokeLoveCrosswordScene,Shared implementation group of 212 pages,not-started
P1,123,love-crossword-puzzle,Love Crossword Puzzle,page-local,BespokeLoveCrosswordPuzzleScene,Shared implementation group of 212 pages,not-started
P1,124,love-dated-calendar,Love Dated Calendar,page-local,BespokeLoveDatedCalendarScene,Shared implementation group of 212 pages,not-started
P1,127,love-doodle-canvas,Love Doodle Canvas,page-local,BespokeLoveDoodleCanvasScene,Shared implementation group of 212 pages,not-started
P1,128,love-enchanted-glass-terrarium,Love Enchanted Glass Terrarium,page-local,BespokeLoveEnchantedGlassTerrariumScene,Shared implementation group of 212 pages,not-started
P1,129,love-envelope-collection,Love Envelope Collection,page-local,BespokeLoveEnvelopeCollectionScene,Shared implementation group of 212 pages,not-started
P1,130,love-envelope,Love Envelope,page-local,BespokeLoveEnvelopeScene,Shared implementation group of 212 pages,not-started
P1,132,love-firework-painter,Love Firework Painter,page-local,BespokeLoveFireworkPainterScene,Shared implementation group of 212 pages,not-started
P1,133,love-fortune-cookie-jar,Love Fortune Cookie Jar,page-local,BespokeLoveFortuneCookieJarScene,Shared implementation group of 212 pages,not-started
P1,135,love-fortune-teller-origami,Love Fortune Teller Origami,page-local,BespokeLoveFortuneTellerOrigamiScene,Shared implementation group of 212 pages,not-started
P1,136,love-frequency-tuner,Love Frequency Tuner,page-local,BespokeLoveFrequencyTunerScene,Shared implementation group of 212 pages,not-started
P1,137,love-graffiti-wall,Love Graffiti Wall,page-local,BespokeLoveGraffitiWallScene,Shared implementation group of 212 pages,not-started
P1,139,love-grand-finale-second,Love Grand Finale Second,page-local,BespokeLoveGrandFinaleSecondScene,Shared implementation group of 212 pages,not-started
P1,140,love-heart-nebula3-d,Love Heart Nebula3 D,page-local,BespokeLoveHeartNebula3DScene,Shared implementation group of 212 pages,not-started
P1,141,love-horoscope-daily,Love Horoscope Daily,page-local,BespokeLoveHoroscopeDailyScene,Shared implementation group of 212 pages,not-started
P1,142,love-horoscope-wheel,Love Horoscope Wheel,page-local,BespokeLoveHoroscopeWheelScene,Shared implementation group of 212 pages,not-started
P1,143,love-jar-notes,Love Jar Notes,page-local,BespokeLoveJarNotesScene,Shared implementation group of 212 pages,not-started
P1,144,love-journal-prompt,Love Journal Prompt,page-local,BespokeLoveJournalPromptScene,Shared implementation group of 212 pages,not-started
P1,145,love-kaleidoscope,Love Kaleidoscope,page-local,BespokeLoveKaleidoscopeScene,Shared implementation group of 212 pages,not-started
P1,146,love-keychain-customizer,Love Keychain Customizer,page-local,BespokeLoveKeychainCustomizerScene,Shared implementation group of 212 pages,not-started
P1,147,love-language-test,Love Language Test,page-local,BespokeLoveLanguageTestScene,Shared implementation group of 212 pages,not-started
P1,148,love-languages-quiz,Love Languages Quiz,page-local,BespokeLoveLanguagesQuizScene,Shared implementation group of 212 pages,not-started
P1,149,love-letter-archive,Love Letter Archive,page-local,BespokeLoveLetterArchiveScene,Shared implementation group of 212 pages,not-started
P1,150,love-letter-archive-vault,Love Letter Archive Vault,page-local,BespokeLoveLetterArchiveVaultScene,Shared implementation group of 212 pages,not-started
P1,151,love-letter-generator,Love Letter Generator,page-local,BespokeLoveLetterGeneratorScene,Shared implementation group of 212 pages,not-started
P1,152,love-letter-in-balloon,Love Letter In Balloon,page-local,BespokeLoveLetterInBalloonScene,Shared implementation group of 212 pages,not-started
P1,153,love-letter-pop-up3-d,Love Letter Pop Up3 D,page-local,BespokeLoveLetterPopUp3DScene,Shared implementation group of 212 pages,not-started
P1,154,love-lock-bridge,Love Lock Bridge,page-local,BespokeLoveLockBridgeScene,Shared implementation group of 212 pages,not-started
P1,155,love-lottery,Love Lottery,page-local,BespokeLoveLotteryScene,Shared implementation group of 212 pages,not-started
P1,157,love-mad-libs,Love Mad Libs,page-local,BespokeLoveMadLibsScene,Shared implementation group of 212 pages,not-started
P1,158,love-map-canvas,Love Map Canvas,page-local,BespokeLoveMapCanvasScene,Shared implementation group of 212 pages,not-started
P1,159,love-maze,Love Maze,page-local,BespokeLoveMazeScene,Shared implementation group of 212 pages,not-started
P1,160,love-memory-cube3-d,Love Memory Cube3 D,page-local,BespokeLoveMemoryCube3DScene,Shared implementation group of 212 pages,not-started
P1,161,love-memory-film-strip,Love Memory Film Strip,page-local,BespokeLoveMemoryFilmStripScene,Shared implementation group of 212 pages,not-started
P1,163,love-memory-match3-d,Love Memory Match3 D,page-local,BespokeLoveMemoryMatch3DScene,Shared implementation group of 212 pages,not-started
P1,165,love-memory-tree3-d,Love Memory Tree3 D,page-local,BespokeLoveMemoryTree3DScene,Shared implementation group of 212 pages,not-started
P1,166,love-message-in-abottle-ocean,Love Message In ABottle Ocean,page-local,BespokeLoveMessageInAbottleOceanScene,Shared implementation group of 212 pages,not-started
P1,167,love-meteor-shower,Love Meteor Shower,page-local,BespokeLoveMeteorShowerScene,Shared implementation group of 212 pages,not-started
P1,168,love-meter-deluxe,Love Meter Deluxe,page-local,BespokeLoveMeterDeluxeScene,Shared implementation group of 212 pages,not-started
P1,169,love-mirror-oracle,Love Mirror Oracle,page-local,BespokeLoveMirrorOracleScene,Shared implementation group of 212 pages,not-started
P1,170,love-music-box-carousel,Love Music Box Carousel,page-local,BespokeLoveMusicBoxCarouselScene,Shared implementation group of 212 pages,not-started
P1,172,love-neon-sign-gallery,Love Neon Sign Gallery,page-local,BespokeLoveNeonSignGalleryScene,Shared implementation group of 212 pages,not-started
P1,173,love-notes-wall,Love Notes Wall,page-local,BespokeLoveNotesWallScene,Shared implementation group of 212 pages,not-started
P1,175,love-passport-stamps,Love Passport Stamps,page-local,BespokeLovePassportStampsScene,Shared implementation group of 212 pages,not-started
P1,180,love-pixel-art-creator,Love Pixel Art Creator,page-local,BespokeLovePixelArtCreatorScene,Shared implementation group of 212 pages,not-started
P1,181,love-poetry-fridge,Love Poetry Fridge,page-local,BespokeLovePoetryFridgeScene,Shared implementation group of 212 pages,not-started
P1,182,love-potion-brewery2,Love Potion Brewery2,page-local,BespokeLovePotionBrewery2Scene,Shared implementation group of 212 pages,not-started
P1,183,love-potion-brewery,Love Potion Brewery,page-local,BespokeLovePotionBreweryScene,Shared implementation group of 212 pages,not-started
P1,184,love-potion-lab2,Love Potion Lab2,page-local,BespokeLovePotionLab2Scene,Shared implementation group of 212 pages,not-started
P1,188,love-quiz-advanced,Love Quiz Advanced,page-local,BespokeLoveQuizAdvancedScene,Shared implementation group of 212 pages,not-started
P1,190,love-radio,Love Radio,page-local,BespokeLoveRadioScene,Shared implementation group of 212 pages,not-started
P1,194,love-rhythm-game,Love Rhythm Game,page-local,BespokeLoveRhythmGameScene,Shared implementation group of 212 pages,not-started
P1,196,love-scratch-card,Love Scratch Card,page-local,BespokeLoveScratchCardScene,Shared implementation group of 212 pages,not-started
P1,198,love-scratch-off-gallery-second,Love Scratch Off Gallery Second,page-local,BespokeLoveScratchOffGallerySecondScene,Shared implementation group of 212 pages,not-started
P1,202,love-spell-caster-studio,Love Spell Caster Studio,page-local,BespokeLoveSpellCasterStudioScene,Shared implementation group of 212 pages,not-started
P1,204,love-spinner3-d,Love Spinner3 D,page-local,BespokeLoveSpinner3DScene,Shared implementation group of 212 pages,not-started
P1,205,love-stamp-collection,Love Stamp Collection,page-local,BespokeLoveStampCollectionScene,Shared implementation group of 212 pages,not-started
P1,207,love-sweet-heart-paper-craft,Love Sweet Heart Paper Craft,page-local,BespokeLoveSweetHeartPaperCraftScene,Shared implementation group of 212 pages,not-started
P1,211,love-tetris-block-puzzle,Love Tetris Block Puzzle,page-local,BespokeLoveTetrisBlockPuzzleScene,Shared implementation group of 212 pages,not-started
P1,212,love-tetris,Love Tetris,page-local,BespokeLoveTetrisScene,Shared implementation group of 212 pages,not-started
P1,215,love-tree-growth,Love Tree Growth,page-local,BespokeLoveTreeGrowthScene,Shared implementation group of 212 pages,not-started
P1,219,love-wheel-fortune,Love Wheel Fortune,page-local,BespokeLoveWheelFortuneScene,Shared implementation group of 212 pages,not-started
P1,221,love-wish-well,Love Wish Well,page-local,BespokeLoveWishWellScene,Shared implementation group of 212 pages,not-started
P1,224,love-wordle,Love Wordle,page-local,BespokeLoveWordleScene,Shared implementation group of 212 pages,not-started
P1,228,memory-lane,Memory Lane,page-local,BespokeMemoryLaneScene,Shared implementation group of 212 pages,not-started
P1,230,memory-replay,Memory Replay,page-local,BespokeMemoryReplayScene,Shared implementation group of 212 pages,not-started
P1,231,mood-ring,Mood Ring,page-local,BespokeMoodRingScene,Shared implementation group of 212 pages,not-started
P1,235,nepalgunj-to-osaka-flight-sim,Nepalgunj To Osaka Flight Sim,page-local,BespokeNepalgunjToOsakaFlightSimScene,Shared implementation group of 212 pages,not-started
P1,237,origami-boat,Origami Boat,page-local,BespokeOrigamiBoatScene,Shared implementation group of 212 pages,not-started
P1,241,passport,Passport,page-local,BespokePassportScene,Shared implementation group of 212 pages,not-started
P1,243,photo-puzzle3-d,Photo Puzzle3 D,page-local,BespokePhotoPuzzle3DScene,Shared implementation group of 212 pages,not-started
P1,247,promise-trio,Promise Trio,page-local,BespokePromiseTrioScene,Shared implementation group of 212 pages,not-started
P1,249,quiz,Quiz,page-local,BespokeQuizScene,Shared implementation group of 212 pages,not-started
P1,250,quote-generator,Quote Generator,page-local,BespokeQuoteGeneratorScene,Shared implementation group of 212 pages,not-started
P1,257,romantic-karaoke,Romantic Karaoke,page-local,BespokeRomanticKaraokeScene,Shared implementation group of 212 pages,not-started
P1,258,romantic-locket-changer,Romantic Locket Changer,page-local,BespokeRomanticLocketChangerScene,Shared implementation group of 212 pages,not-started
P1,259,romantic-memory-wheel,Romantic Memory Wheel,page-local,BespokeRomanticMemoryWheelScene,Shared implementation group of 212 pages,not-started
P1,260,romantic-message-grid,Romantic Message Grid,page-local,BespokeRomanticMessageGridScene,Shared implementation group of 212 pages,not-started
P1,261,romantic-music-box2,Romantic Music Box2,page-local,BespokeRomanticMusicBox2Scene,Shared implementation group of 212 pages,not-started
P1,266,romantic-replacement,Romantic Replacement,page-local,BespokeRomanticReplacementScene,Shared implementation group of 212 pages,not-started
P1,267,room10,Room10,page-local,BespokeRoom10Scene,Shared implementation group of 212 pages,not-started
P1,268,room11,Room11,page-local,BespokeRoom11Scene,Shared implementation group of 212 pages,not-started
P1,269,room12,Room12,page-local,BespokeRoom12Scene,Shared implementation group of 212 pages,not-started
P1,270,room1,Room1,page-local,BespokeRoom1Scene,Shared implementation group of 212 pages,not-started
P1,271,room2,Room2,page-local,BespokeRoom2Scene,Shared implementation group of 212 pages,not-started
P1,272,room3,Room3,page-local,BespokeRoom3Scene,Shared implementation group of 212 pages,not-started
P1,273,room4,Room4,page-local,BespokeRoom4Scene,Shared implementation group of 212 pages,not-started
P1,274,room5,Room5,page-local,BespokeRoom5Scene,Shared implementation group of 212 pages,not-started
P1,275,room6,Room6,page-local,BespokeRoom6Scene,Shared implementation group of 212 pages,not-started
P1,276,room7,Room7,page-local,BespokeRoom7Scene,Shared implementation group of 212 pages,not-started
P1,277,room8,Room8,page-local,BespokeRoom8Scene,Shared implementation group of 212 pages,not-started
P1,278,room9,Room9,page-local,BespokeRoom9Scene,Shared implementation group of 212 pages,not-started
P1,279,royal-crown,Royal Crown,page-local,BespokeRoyalCrownScene,Shared implementation group of 212 pages,not-started
P1,283,secret-cipher-wheel,Secret Cipher Wheel,page-local,BespokeSecretCipherWheelScene,Shared implementation group of 212 pages,not-started
P1,284,secret-language,Secret Language,page-local,BespokeSecretLanguageScene,Shared implementation group of 212 pages,not-started
P1,285,secret-vault,Secret Vault,page-local,BespokeSecretVaultScene,Shared implementation group of 212 pages,not-started
P1,286,secret-vault-second,Secret Vault Second,page-local,BespokeSecretVaultSecondScene,Shared implementation group of 212 pages,not-started
P1,288,sound-wave,Sound Wave,page-local,BespokeSoundWaveScene,Shared implementation group of 212 pages,not-started
P1,289,spin-wheel,Spin Wheel,page-local,BespokeSpinWheelScene,Shared implementation group of 212 pages,not-started
P1,291,star-namer,Star Namer,page-local,BespokeStarNamerScene,Shared implementation group of 212 pages,not-started
P1,294,stars,Stars,page-local,BespokeStarsScene,Shared implementation group of 212 pages,not-started
P1,295,story,Story,page-local,BespokeStoryScene,Shared implementation group of 212 pages,not-started
P1,298,sweet-compliments,Sweet Compliments,page-local,BespokeSweetComplimentsScene,Shared implementation group of 212 pages,not-started
P1,304,sweet-promises-jar,Sweet Promises Jar,page-local,BespokeSweetPromisesJarScene,Shared implementation group of 212 pages,not-started
P1,305,sweet-proposal-simulator,Sweet Proposal Simulator,page-local,BespokeSweetProposalSimulatorScene,Shared implementation group of 212 pages,not-started
P1,306,sweet-tea-ceremony,Sweet Tea Ceremony,page-local,BespokeSweetTeaCeremonyScene,Shared implementation group of 212 pages,not-started
P1,310,timeline-puzzle,Timeline Puzzle,page-local,BespokeTimelinePuzzleScene,Shared implementation group of 212 pages,not-started
P1,311,treasure-chest,Treasure Chest,page-local,BespokeTreasureChestScene,Shared implementation group of 212 pages,not-started
P1,315,video,Video,page-local,BespokeVideoScene,Shared implementation group of 212 pages,not-started
P1,316,virtual-cat-cafe,Virtual Cat Cafe,page-local,BespokeVirtualCatCafeScene,Shared implementation group of 212 pages,not-started
P1,317,voice-soundboard,Voice Soundboard,page-local,BespokeVoiceSoundboardScene,Shared implementation group of 212 pages,not-started
P1,318,wax-sealer,Wax Sealer,page-local,BespokeWaxSealerScene,Shared implementation group of 212 pages,not-started
P1,320,wish-dandelion,Wish Dandelion,page-local,BespokeWishDandelionScene,Shared implementation group of 212 pages,not-started
P1,321,wish-wheel,Wish Wheel,page-local,BespokeWishWheelScene,Shared implementation group of 212 pages,not-started
